,Index,Gene_ID,PFAM_ID,Description,0,1,2
0,,,,,TraesCS3D02G161300,PF10255,Paf67
0,,,,,TraesCS4A02G233500,PF01256,Carb_kinase
0,,,,,TraesCS1A02G176700,PF13837,Myb_DNA-bind_4
1,,,,,TraesCS1A02G176700,PF13837,Myb_DNA-bind_4
0,,,,,TraesCS4B02G188900,PF00076,RRM_1
1,,,,,TraesCS4B02G188900,PF00076,RRM_1
0,,,,,TraesCS2B02G581900,PF00967,Barwin
0,,,,,TraesCS1B02G189400,PF00234,Tryp_alpha_amyl
0,,,,,TraesCS2B02G230900,PF01412,ArfGap
0,,,,,TraesCS7D02G322000,PF00111,Fer2
0,,,,,TraesCS2B02G328900,PF07887,Calmodulin_bind
1,,,,,TraesCS2B02G328900,PF20451,Calmod_bind_M
2,,,,,TraesCS2B02G328900,PF20452,Calmod_bind_C
0,,,,,TraesCS2A02G449800,PF03760,LEA_1
0,,,,,TraesCS7D02G385200,PF18376,MDD_C
0,,,,,TraesCS2A02G407500,PF00067,p450
0,,,,,TraesCS2B02G400000,PF01212,Beta_elim_lyase
0,,,,,TraesCS3A02G378200,PF01423,LSM
0,,,,,TraesCS7D02G368300,PF00071,Ras
0,,,,,TraesCS7B02G005000,PF00076,RRM_1
1,,,,,TraesCS7B02G005000,PF00076,RRM_1
0,,,,,TraesCS4A02G460700,PF04043,PMEI
0,,,,,TraesCS2B02G190400,PF02893,GRAM
0,,,,,TraesCS6B02G231300,PF06273,eIF-4B
1,,,,,TraesCS6B02G231300,PF06273,eIF-4B
0,,,,,TraesCS4B02G218500,PF08238,Sel1
1,,,,,TraesCS4B02G218500,PF08238,Sel1
2,,,,,TraesCS4B02G218500,PF08238,Sel1
3,,,,,TraesCS4B02G218500,PF08238,Sel1
4,,,,,TraesCS4B02G218500,PF08238,Sel1
5,,,,,TraesCS4B02G218500,PF08238,Sel1
6,,,,,TraesCS4B02G218500,PF08238,Sel1
7,,,,,TraesCS4B02G218500,PF08238,Sel1
0,,,,,TraesCS4B02G195900,PF00069,Pkinase
1,,,,,TraesCS4B02G195900,PF00627,UBA
2,,,,,TraesCS4B02G195900,PF02149,KA1
0,,,,,TraesCS7D02G088000,PF03386,ENOD93
0,,,,,TraesCS6B02G130500,PF04577,Glyco_transf_61
0,,,,,TraesCS3D02G079800,PF05241,EBP
0,,,,,TraesCS2A02G062000,PF01190,Pollen_Ole_e_1
0,,,,,TraesCS4B02G055000,PF00650,CRAL_TRIO
1,,,,,TraesCS4B02G055000,PF03765,CRAL_TRIO_N
0,,,,,TraesCS6B02G277800,PF00107,ADH_zinc_N
1,,,,,TraesCS6B02G277800,PF08240,ADH_N
0,,,,,TraesCS1B02G133900,PF04864,Alliinase_C
0,,,,,TraesCS1A02G411600,PF00117,GATase
1,,,,,TraesCS1A02G411600,PF06418,CTP_synth_N
0,,,,,TraesCS4B02G187600,PF00226,DnaJ
0,,,,,TraesCS5A02G095100,PF04124,Dor1
0,,,,,TraesCS6D02G046600,PF00125,Histone
0,,,,,TraesCS4D02G205900,PF00076,RRM_1
1,,,,,TraesCS4D02G205900,PF13865,FoP_duplication
0,,,,,TraesCS3B02G197500,PF04667,Endosulfine
0,,,,,TraesCS3D02G361600,PF00249,Myb_DNA-binding
1,,,,,TraesCS3D02G361600,PF00249,Myb_DNA-binding
0,,,,,TraesCS3B02G126300,PF00675,Peptidase_M16
1,,,,,TraesCS3B02G126300,PF05193,Peptidase_M16_C
0,,,,,TraesCS7B02G202900,PF03468,XS
1,,,,,TraesCS7B02G202900,PF03469,XH
2,,,,,TraesCS7B02G202900,PF03470,zf-XS
0,,,,,TraesCS6D02G268700,PF00205,TPP_enzyme_M
1,,,,,TraesCS6D02G268700,PF02775,TPP_enzyme_C
2,,,,,TraesCS6D02G268700,PF02776,TPP_enzyme_N
0,,,,,TraesCS2D02G203900,PF00069,Pkinase
0,,,,,TraesCS7A02G272000,PF00227,Proteasome
1,,,,,TraesCS7A02G272000,PF10584,Proteasome_A_N
0,,,,,TraesCS4A02G280500,PF04398,DUF538
0,,,,,TraesCS4B02G078200,PF05542,DUF760
1,,,,,TraesCS4B02G078200,PF05542,DUF760
0,,,,,TraesCS6D02G230600,PF04614,Pex19
0,,,,,TraesCS1B02G459500,PF03321,GH3
1,,,,,TraesCS1B02G459500,PF23571,GH3_M
2,,,,,TraesCS1B02G459500,PF23572,GH3_C
0,,,,,TraesCS3D02G061500,PF00067,p450
0,,,,,TraesCS1B02G216000,PF13639,zf-RING_2
0,,,,,TraesCS1B02G386600,PF00125,Histone
0,,,,,TraesCS1A02G050800,PF00304,Gamma-thionin
0,,,,,TraesCS3A02G488400,PF13499,EF-hand_7
1,,,,,TraesCS3A02G488400,PF13499,EF-hand_7
0,,,,,TraesCS6B02G201800,PF12263,DUF3611
0,,,,,TraesCS7D02G161500,PF00109,ketoacyl-synt
1,,,,,TraesCS7D02G161500,PF02801,Ketoacyl-synt_C
0,,,,,TraesCS3A02G371800,PF00170,bZIP_1
0,,,,,TraesCS5A02G288400,PF01248,Ribosomal_L7Ae
0,,,,,TraesCS7A02G354400,PF00071,Ras
0,,,,,TraesCS2A02G227100,PF00628,PHD
1,,,,,TraesCS2A02G227100,PF01426,BAH
0,,,,,TraesCS7A02G018200,PF04889,Cwf_Cwc_15
0,,,,,TraesCS4A02G250800,PF04137,ERO1
0,,,,,TraesCS2A02G492100,PF03660,PHF5
0,,,,,TraesCS6A02G066200,PF13355,ARC6-like_IMS
1,,,,,TraesCS6A02G066200,PF23468,ARC6
0,,,,,TraesCS5A02G275000,PF12937,F-box-like
0,,,,,TraesCS1A02G079700,PF07714,PK_Tyr_Ser-Thr
0,,,,,TraesCS4A02G276600,PF05875,Ceramidase
0,,,,,TraesCS6D02G171000,PF00850,Hist_deacetyl
0,,,,,TraesCS4B02G204900,PF01412,ArfGap
0,,,,,TraesCS5D02G440000,PF00190,Cupin_1
1,,,,,TraesCS5D02G440000,PF00190,Cupin_1
0,,,,,TraesCS4A02G304100,PF01627,Hpt
0,,,,,TraesCS4B02G065900,PF01918,Alba
0,,,,,TraesCS7D02G125700,PF00443,UCH
0,,,,,TraesCS2A02G578500,PF16845,SQAPI
0,,,,,TraesCS7A02G270200,PF01182,Glucosamine_iso
0,,,,,TraesCS1A02G062700,PF14368,LTP_2
0,,,,,TraesCS6B02G327100,PF05529,Bap31
0,,,,,TraesCS1D02G130000,PF02902,Peptidase_C48
0,,,,,TraesCS5D02G490000,PF00198,2-oxoacid_dh
1,,,,,TraesCS5D02G490000,PF00364,Biotin_lipoyl
2,,,,,TraesCS5D02G490000,PF02817,E3_binding
0,,,,,TraesCS2B02G524200,PF05983,Med7
0,,,,,TraesCS5A02G261900,PF01399,PCI
1,,,,,TraesCS5A02G261900,PF09440,eIF3_N
0,,,,,TraesCS6A02G400300,PF01269,Fibrillarin
0,,,,,TraesCS5B02G359400,PF04573,SPC22
0,,,,,TraesCS6A02G152700,PF00122,E1-E2_ATPase
1,,,,,TraesCS6A02G152700,PF00689,Cation_ATPase_C
2,,,,,TraesCS6A02G152700,PF00690,Cation_ATPase_N
3,,,,,TraesCS6A02G152700,PF00702,Hydrolase
4,,,,,TraesCS6A02G152700,PF12515,CaATP_NAI
0,,,,,TraesCS6D02G331000,PF00076,RRM_1
1,,,,,TraesCS6D02G331000,PF12353,eIF3g
0,,,,,TraesCS6D02G151400,PF00240,ubiquitin
1,,,,,TraesCS6D02G151400,PF00627,UBA
2,,,,,TraesCS6D02G151400,PF09668,Asp_protease
0,,,,,TraesCS4A02G108000,PF00561,Abhydrolase_1
0,,,,,TraesCS7B02G269000,PF14443,DBC1
1,,,,,TraesCS7B02G269000,PF19256,LAIKA
2,,,,,TraesCS7B02G269000,PF19257,BURAN
0,,,,,TraesCS5A02G284600,PF00795,CN_hydrolase
0,,,,,TraesCS5A02G495400,PF14368,LTP_2
0,,,,,TraesCS6A02G077800,PF03552,Cellulose_synt
1,,,,,TraesCS6A02G077800,PF14569,zf-UDP
0,,,,,TraesCS2B02G157800,PF00232,Glyco_hydro_1
0,,,,,TraesCS1A02G093900,PF04548,AIG1
1,,,,,TraesCS1A02G093900,PF11886,TOC159_MAD
0,,,,,TraesCS6A02G334800,PF06351,Allene_ox_cyc
0,,,,,TraesCS6B02G331000,PF00847,AP2
0,,,,,TraesCS2D02G352500,PF00141,peroxidase
0,,,,,TraesCS3B02G114600,PF00125,Histone
0,,,,,TraesCS4D02G272900,PF00270,DEAD
1,,,,,TraesCS4D02G272900,PF00271,Helicase_C
0,,,,,TraesCS2D02G315600,PF03959,FSH1
0,,,,,TraesCS6A02G114100,PF00010,HLH
0,,,,,TraesCS5A02G084600,PF10270,MMgT
0,,,,,TraesCS3B02G411900,PF04893,Yip1
0,,,,,TraesCS6D02G125600,PF00240,ubiquitin
1,,,,,TraesCS6D02G125600,PF00240,ubiquitin
2,,,,,TraesCS6D02G125600,PF00240,ubiquitin
3,,,,,TraesCS6D02G125600,PF00240,ubiquitin
0,,,,,TraesCS7A02G370200,PF13561,adh_short_C2
0,,,,,TraesCS3D02G231200,PF00642,zf-CCCH
1,,,,,TraesCS3D02G231200,PF00642,zf-CCCH
2,,,,,TraesCS3D02G231200,PF00642,zf-CCCH
3,,,,,TraesCS3D02G231200,PF00642,zf-CCCH
4,,,,,TraesCS3D02G231200,PF00642,zf-CCCH
5,,,,,TraesCS3D02G231200,PF18044,zf-CCCH_4
0,,,,,TraesCS1B02G132600,PF00085,Thioredoxin
0,,,,,TraesCS2D02G340200,PF09768,Peptidase_M76
0,,,,,TraesCS1D02G134200,PF00439,Bromodomain
1,,,,,TraesCS1D02G134200,PF00583,Acetyltransf_1
0,,,,,TraesCS3A02G086900,PF01585,G-patch
0,,,,,TraesCS3D02G298100,PF00471,Ribosomal_L33
0,,,,,TraesCS5D02G153500,PF00656,Peptidase_C14
0,,,,,TraesCS1A02G104000,PF00646,F-box
1,,,,,TraesCS1A02G104000,PF24750,b-prop_At3g26010-like
0,,,,,TraesCS5D02G110600,PF00125,Histone
1,,,,,TraesCS5D02G110600,PF16211,Histone_H2A_C
0,,,,,TraesCS2A02G288200,PF00355,Rieske
1,,,,,TraesCS2A02G288200,PF02921,UCR_TM
0,,,,,TraesCS6D02G181400,PF12850,Metallophos_2
0,,,,,TraesCS4A02G236800,PF05542,DUF760
1,,,,,TraesCS4A02G236800,PF05542,DUF760
0,,,,,TraesCS6D02G062300,PF00125,Histone
1,,,,,TraesCS6D02G062300,PF16211,Histone_H2A_C
0,,,,,TraesCS3A02G366100,PF00333,Ribosomal_S5
1,,,,,TraesCS3A02G366100,PF03719,Ribosomal_S5_C
0,,,,,TraesCS2A02G399100,PF00732,GMC_oxred_N
1,,,,,TraesCS2A02G399100,PF05199,GMC_oxred_C
0,,,,,TraesCS3A02G438000,PF00378,ECH_1
0,,,,,TraesCS7A02G123900,PF00085,Thioredoxin
1,,,,,TraesCS7A02G123900,PF00085,Thioredoxin
2,,,,,TraesCS7A02G123900,PF13848,Thioredoxin_6
0,,,,,TraesCS3B02G085200,PF08711,Med26
0,,,,,TraesCS6B02G410000,PF04758,Ribosomal_S30
0,,,,,TraesCS5B02G479400,PF07762,DUF1618
0,,,,,TraesCS3A02G365600,PF04832,SOUL
1,,,,,TraesCS3A02G365600,PF04832,SOUL
0,,,,,TraesCS4A02G127900,PF00141,peroxidase
0,,,,,TraesCS5D02G473100,PF00076,RRM_1
0,,,,,TraesCS5B02G515500,PF00766,ETF_alpha
1,,,,,TraesCS5B02G515500,PF01012,ETF
0,,,,,TraesCS5B02G446600,PF00076,RRM_1
1,,,,,TraesCS5B02G446600,PF08662,eIF2A
0,,,,,TraesCS5B02G274400,PF00806,PUF
1,,,,,TraesCS5B02G274400,PF00806,PUF
2,,,,,TraesCS5B02G274400,PF00806,PUF
3,,,,,TraesCS5B02G274400,PF00806,PUF
4,,,,,TraesCS5B02G274400,PF00806,PUF
5,,,,,TraesCS5B02G274400,PF00806,PUF
6,,,,,TraesCS5B02G274400,PF00806,PUF
7,,,,,TraesCS5B02G274400,PF00806,PUF
0,,,,,TraesCS2A02G500200,PF00481,PP2C
0,,,,,TraesCS3A02G356400,PF01217,Clat_adaptor_s
0,,,,,TraesCS7D02G026700,PF02364,Glucan_synthase
1,,,,,TraesCS7D02G026700,PF14288,FKS1_dom1
0,,,,,TraesCS4A02G241200,PF00789,UBX
0,,,,,TraesCS3B02G092800,PF02365,NAM
0,,,,,TraesCS2B02G211100,PF02704,GASA
0,,,,,TraesCS3A02G025500,PF22591,eIF3a_PCI_TPR-like
0,,,,,TraesCS7D02G066600,PF00275,EPSP_synthase
0,,,,,TraesCS1D02G053500,PF04969,CS
0,,,,,TraesCS6A02G084400,PF13920,zf-C3HC4_3
0,,,,,TraesCS2D02G161900,PF00076,RRM_1
1,,,,,TraesCS2D02G161900,PF00076,RRM_1
0,,,,,TraesCS2B02G594200,PF01086,Clathrin_lg_ch
0,,,,,TraesCS7B02G226500,PF14770,TMEM18
0,,,,,TraesCS3A02G358500,PF01158,Ribosomal_L36e
0,,,,,TraesCS1D02G002400,PF00097,zf-C3HC4
1,,,,,TraesCS1D02G002400,PF02182,SAD_SRA
2,,,,,TraesCS1D02G002400,PF13445,zf-RING_UBOX
0,,,,,TraesCS4A02G390200,PF12734,CYSTM
0,,,,,TraesCS2A02G157000,PF03556,Cullin_binding
0,,,,,TraesCS1B02G357600,PF00125,Histone
0,,,,,TraesCS5B02G349100,PF15511,CENP-T_C
0,,,,,TraesCS1D02G428200,PF00504,Chloroa_b-bind
0,,,,,TraesCS5A02G476600,PF12861,zf-ANAPC11
0,,,,,TraesCS1B02G257300,PF00764,Arginosuc_synth
1,,,,,TraesCS1B02G257300,PF20979,Arginosuc_syn_C
0,,,,,TraesCS3B02G541300,PF01168,Ala_racemase_N
0,,,,,TraesCS2D02G138300,PF00651,BTB
1,,,,,TraesCS2D02G138300,PF22486,MATH_2
2,,,,,TraesCS2D02G138300,PF24570,BACK_BPM_SPOP
0,,,,,TraesCS2D02G061300,PF01190,Pollen_Ole_e_1
0,,,,,TraesCS1D02G332200,PF00170,bZIP_1
1,,,,,TraesCS1D02G332200,PF12498,bZIP_C
0,,,,,TraesCS2D02G418900,PF13561,adh_short_C2
0,,,,,TraesCS3B02G315300,PF16455,UBD
0,,,,,TraesCS5D02G512300,PF00069,Pkinase
0,,,,,TraesCS4D02G160200,PF06814,GOST_TM
0,,,,,TraesCS6B02G048500,PF00125,Histone
0,,,,,TraesCS1A02G170900,PF13640,2OG-FeII_Oxy_3
0,,,,,TraesCS1D02G262000,PF15511,CENP-T_C
0,,,,,TraesCS5A02G215900,PF00847,AP2
0,,,,,TraesCS1B02G287000,PF04376,ATE_N
1,,,,,TraesCS1B02G287000,PF04377,ATE_C
0,,,,,TraesCS6D02G374400,PF01370,Epimerase
0,,,,,TraesCS7B02G287800,PF00004,AAA
1,,,,,TraesCS7B02G287800,PF17862,AAA_lid_3
0,,,,,TraesCS6B02G335200,PF00888,Cullin
1,,,,,TraesCS6B02G335200,PF10557,Cullin_Nedd8
0,,,,,TraesCS7D02G130605,PF14547,Hydrophob_seed
0,,,,,TraesCS3D02G321500,PF00847,AP2
0,,,,,TraesCS7D02G233700,PF05368,NmrA
0,,,,,TraesCS3B02G388100,PF16363,GDP_Man_Dehyd
0,,,,,TraesCS3D02G226500,PF01602,Adaptin_N
1,,,,,TraesCS3D02G226500,PF09066,B2-adapt-app_C
0,,,,,TraesCS1B02G051600,PF02362,B3
0,,,,,TraesCS3A02G342500,PF00179,UQ_con
0,,,,,TraesCS4A02G046000,PF01459,Porin_3
0,,,,,TraesCS7B02G112000,PF00268,Ribonuc_red_sm
0,,,,,TraesCS5A02G041500,PF00249,Myb_DNA-binding
1,,,,,TraesCS5A02G041500,PF00538,Linker_histone
0,,,,,TraesCS5D02G446300,PF00573,Ribosomal_L4
1,,,,,TraesCS5D02G446300,PF14374,Ribos_L4_asso_C
0,,,,,TraesCS2B02G501000,PF00234,Tryp_alpha_amyl
0,,,,,TraesCS2D02G160400,PF00076,RRM_1
0,,,,,TraesCS5A02G142900,PF00380,Ribosomal_S9
0,,,,,TraesCS3A02G260000,PF00076,RRM_1
1,,,,,TraesCS3A02G260000,PF00076,RRM_1
0,,,,,TraesCS3B02G221700,PF00025,Arf
0,,,,,TraesCS5A02G095000,PF05495,zf-CHY
1,,,,,TraesCS5A02G095000,PF13639,zf-RING_2
2,,,,,TraesCS5A02G095000,PF14599,zinc_ribbon_6
0,,,,,TraesCS5A02G242300,PF07859,Abhydrolase_3
0,,,,,TraesCS5A02G393300,PF10160,Tmemb_40
0,,,,,TraesCS7B02G394100,PF00125,Histone
0,,,,,TraesCS1D02G352200,PF16455,UBD
0,,,,,TraesCS4D02G041400,PF00270,DEAD
1,,,,,TraesCS4D02G041400,PF00271,Helicase_C
0,,,,,TraesCS2D02G150600,PF00166,Cpn10
0,,,,,TraesCS2A02G122000,PF04012,PspA_IM30
0,,,,,TraesCS1A02G375700,PF11326,PANTS-like
0,,,,,TraesCS6B02G217600,PF05251,Ost5
0,,,,,TraesCS5D02G444800,PF06201,PITH
0,,,,,TraesCS6B02G187700,PF00258,Flavodoxin_1
0,,,,,TraesCS7B02G038300,PF00355,Rieske
1,,,,,TraesCS7B02G038300,PF08417,PaO
0,,,,,TraesCS2D02G256900,PF06404,PSK
0,,,,,TraesCS7D02G222200,PF03647,Tmemb_14
0,,,,,TraesCS4B02G050600,PF00022,Actin
0,,,,,TraesCS4B02G019000,PF03798,TRAM_LAG1_CLN8
0,,,,,TraesCS2B02G235100,PF02847,MA3
1,,,,,TraesCS2B02G235100,PF02854,MIF4G
0,,,,,TraesCS4A02G276400,PF06732,Pescadillo_N
1,,,,,TraesCS4A02G276400,PF16589,BRCT_2
0,,,,,TraesCS5D02G013300,PF05920,Homeobox_KN
1,,,,,TraesCS5D02G013300,PF07526,POX
0,,,,,TraesCS2B02G201700,PF01182,Glucosamine_iso
0,,,,,TraesCS5A02G237900,PF00447,HSF_DNA-bind
0,,,,,TraesCS1B02G459400,PF00153,Mito_carr
1,,,,,TraesCS1B02G459400,PF00153,Mito_carr
2,,,,,TraesCS1B02G459400,PF00153,Mito_carr
0,,,,,TraesCS6B02G230300,PF01159,Ribosomal_L6e
1,,,,,TraesCS6B02G230300,PF01159,Ribosomal_L6e
0,,,,,TraesCS1D02G106500,PF00085,Thioredoxin
1,,,,,TraesCS1D02G106500,PF00085,Thioredoxin
2,,,,,TraesCS1D02G106500,PF07749,ERp29
0,,,,,TraesCS5A02G072600,PF13639,zf-RING_2
0,,,,,TraesCS1D02G353100,PF00091,Tubulin
1,,,,,TraesCS1D02G353100,PF03953,Tubulin_C
0,,,,,TraesCS5A02G069000,PF23156,DUF7054
0,,,,,TraesCS3A02G033900,PF00011,HSP20
0,,,,,TraesCS1A02G243300,PF00069,Pkinase
0,,,,,TraesCS2B02G375100,PF00276,Ribosomal_L23
1,,,,,TraesCS2B02G375100,PF03939,Ribosomal_L23eN
0,,,,,TraesCS4D02G229700,PF05529,Bap31
0,,,,,TraesCS7D02G536500,PF05742,TANGO2
0,,,,,TraesCS6B02G230200,PF00106,adh_short
0,,,,,TraesCS1B02G212200,PF00854,PTR2
0,,,,,TraesCS7A02G308800,PF07983,X8
0,,,,,TraesCS2D02G533600,PF12609,DUF3774
0,,,,,TraesCS2D02G571200,PF03151,TPT
0,,,,,TraesCS4B02G217200,PF00226,DnaJ
0,,,,,TraesCS5D02G118000,PF00632,HECT
1,,,,,TraesCS5D02G118000,PF06012,DUF908
2,,,,,TraesCS5D02G118000,PF06012,DUF908
3,,,,,TraesCS5D02G118000,PF06025,DUF913
4,,,,,TraesCS5D02G118000,PF14377,UBM
5,,,,,TraesCS5D02G118000,PF14377,UBM
6,,,,,TraesCS5D02G118000,PF14377,UBM
7,,,,,TraesCS5D02G118000,PF22562,UBA_7
0,,,,,TraesCS1A02G082200,PF03061,4HBT
0,,,,,TraesCS2B02G374700,PF00012,HSP70
0,,,,,TraesCS5D02G106300,PF00579,tRNA-synt_1b
0,,,,,TraesCS5A02G036200,PF01370,Epimerase
0,,,,,TraesCS5D02G117900,PF22785,Tc-R-P
1,,,,,TraesCS5D02G117900,PF22918,PTEN2_C2
0,,,,,TraesCS5B02G064800,PF08387,FBD
1,,,,,TraesCS5B02G064800,PF24758,LRR_At5g56370
0,,,,,TraesCS1A02G062500,PF14368,LTP_2
0,,,,,TraesCS7B02G413800,PF00240,ubiquitin
1,,,,,TraesCS7B02G413800,PF00240,ubiquitin
0,,,,,TraesCS4B02G029000,PF17250,NDUFB11
0,,,,,TraesCS4B02G197300,PF01679,Pmp3
0,,,,,TraesCS5B02G227900,PF00504,Chloroa_b-bind
0,,,,,TraesCS7D02G281300,PF00076,RRM_1
1,,,,,TraesCS7D02G281300,PF00076,RRM_1
0,,,,,TraesCS6A02G253900,PF00505,HMG_box
0,,,,,TraesCS5A02G276800,PF00013,KH_1
1,,,,,TraesCS5A02G276800,PF00013,KH_1
2,,,,,TraesCS5A02G276800,PF00013,KH_1
3,,,,,TraesCS5A02G276800,PF00013,KH_1
0,,,,,TraesCS7A02G368900,PF01423,LSM
0,,,,,TraesCS2B02G113800,PF13202,EF-hand_5
1,,,,,TraesCS2B02G113800,PF13499,EF-hand_7
2,,,,,TraesCS2B02G113800,PF13833,EF-hand_8
0,,,,,TraesCS6B02G063300,PF00117,GATase
1,,,,,TraesCS6B02G063300,PF00958,GMP_synt_C
2,,,,,TraesCS6B02G063300,PF03054,tRNA_Me_trans
0,,,,,TraesCS2A02G255100,PF00890,FAD_binding_2
1,,,,,TraesCS2A02G255100,PF02910,Succ_DH_flav_C
0,,,,,TraesCS7D02G209100,PF00240,ubiquitin
1,,,,,TraesCS7D02G209100,PF00627,UBA
2,,,,,TraesCS7D02G209100,PF00627,UBA
3,,,,,TraesCS7D02G209100,PF09280,XPC-binding
0,,,,,TraesCS4A02G074800,PF00248,Aldo_ket_red
0,,,,,TraesCS2B02G542200,PF13639,zf-RING_2
0,,,,,TraesCS6A02G203000,PF03839,Sec62
0,,,,,TraesCS1A02G145800,PF07063,HGLS
0,,,,,TraesCS3B02G245000,PF04718,ATP-synt_G
0,,,,,TraesCS6D02G360400,PF13646,HEAT_2
1,,,,,TraesCS6D02G360400,PF13646,HEAT_2
0,,,,,TraesCS7A02G002000,PF00628,PHD
1,,,,,TraesCS7A02G002000,PF16135,TDBD
2,,,,,TraesCS7A02G002000,PF16135,TDBD
3,,,,,TraesCS7A02G002000,PF23209,IDM1_C
0,,,,,TraesCS2A02G164600,PF02893,GRAM
0,,,,,TraesCS5A02G467100,PF00076,RRM_1
0,,,,,TraesCS2D02G290800,PF00128,Alpha-amylase
1,,,,,TraesCS2D02G290800,PF02806,Alpha-amylase_C
2,,,,,TraesCS2D02G290800,PF02922,CBM_48
0,,,,,TraesCS1A02G442600,PF00069,Pkinase
0,,,,,TraesCS5D02G116700,PF00226,DnaJ
1,,,,,TraesCS5D02G116700,PF12171,zf-C2H2_jaz
2,,,,,TraesCS5D02G116700,PF21884,ZUO1-like_ZHD
0,,,,,TraesCS6D02G040500,PF00125,Histone
1,,,,,TraesCS6D02G040500,PF16211,Histone_H2A_C
0,,,,,TraesCS1B02G171600,PF07933,DUF1681
0,,,,,TraesCS6D02G201500,PF10369,ALS_ss_C
1,,,,,TraesCS6D02G201500,PF10369,ALS_ss_C
2,,,,,TraesCS6D02G201500,PF22629,ACT_AHAS_ss
3,,,,,TraesCS6D02G201500,PF22629,ACT_AHAS_ss
0,,,,,TraesCS7A02G078000,PF16363,GDP_Man_Dehyd
0,,,,,TraesCS3A02G252700,PF01778,Ribosomal_L28e
0,,,,,TraesCS6B02G256700,PF08718,GLTP
0,,,,,TraesCS1A02G221800,PF00787,PX
1,,,,,TraesCS1A02G221800,PF09325,Vps5
0,,,,,TraesCS6B02G120700,PF00855,PWWP
0,,,,,TraesCS3D02G404100,PF01501,Glyco_transf_8
0,,,,,TraesCS5D02G280500,PF01429,MBD
1,,,,,TraesCS5D02G280500,PF07496,zf-CW
0,,,,,TraesCS5A02G326300,PF01554,MatE
1,,,,,TraesCS5A02G326300,PF01554,MatE
0,,,,,TraesCS6A02G216900,PF01485,IBR
1,,,,,TraesCS6A02G216900,PF19422,Ariadne
2,,,,,TraesCS6A02G216900,PF21235,ARI1_UBAl
3,,,,,TraesCS6A02G216900,PF22191,IBR_1
0,,,,,TraesCS5A02G015600,PF00924,MS_channel_2nd
0,,,,,TraesCS6D02G251000,PF01546,Peptidase_M20
1,,,,,TraesCS6D02G251000,PF07687,M20_dimer
0,,,,,TraesCS5B02G275300,PF00886,Ribosomal_S16
0,,,,,TraesCS5A02G143900,PF04678,MCU
0,,,,,TraesCS3D02G264800,PF00006,ATP-synt_ab
1,,,,,TraesCS3D02G264800,PF02874,ATP-synt_ab_N
2,,,,,TraesCS3D02G264800,PF11421,Synthase_beta
3,,,,,TraesCS3D02G264800,PF22919,ATP-synt_VA_C
0,,,,,TraesCS2A02G294000,PF00428,Ribosomal_60s
0,,,,,TraesCS1A02G266300,PF02365,NAM
0,,,,,TraesCS5D02G141300,PF00501,AMP-binding
0,,,,,TraesCS1B02G202000,PF05577,Peptidase_S28
0,,,,,TraesCS3A02G285900,PF00390,malic
1,,,,,TraesCS3A02G285900,PF03949,Malic_M
0,,,,,TraesCS7B02G193200,PF01937,ARMT1-like_dom
0,,,,,TraesCS5D02G484500,PF00483,NTP_transferase
0,,,,,TraesCS1B02G290900,PF04893,Yip1
0,,,,,TraesCS7D02G423400,PF07646,Kelch_2
1,,,,,TraesCS7D02G423400,PF12937,F-box-like
2,,,,,TraesCS7D02G423400,PF13426,PAS_9
3,,,,,TraesCS7D02G423400,PF24681,Kelch_KLHDC2_KLHL20_DRC7
0,,,,,TraesCS5D02G486500,PF00164,Ribosom_S12_S23
0,,,,,TraesCS6A02G169300,PF00438,S-AdoMet_synt_N
1,,,,,TraesCS6A02G169300,PF02772,S-AdoMet_synt_M
2,,,,,TraesCS6A02G169300,PF02773,S-AdoMet_synt_C
0,,,,,TraesCS2B02G162200,PF02238,COX7a
0,,,,,TraesCS4B02G115700,PF03168,LEA_2
0,,,,,TraesCS1B02G378000,PF00118,Cpn60_TCP1
0,,,,,TraesCS5B02G374900,PF00226,DnaJ
1,,,,,TraesCS5B02G374900,PF00684,DnaJ_CXXCXGXG
2,,,,,TraesCS5B02G374900,PF01556,DnaJ_C
0,,,,,TraesCS7B02G098500,PF09439,SRPRB
0,,,,,TraesCS5D02G038700,PF02970,TBCA
0,,,,,TraesCS6B02G049000,PF00125,Histone
1,,,,,TraesCS6B02G049000,PF16211,Histone_H2A_C
0,,,,,TraesCS2B02G198600,PF00326,Peptidase_S9
0,,,,,TraesCS4B02G199500,PF18592,Tho1_MOS11_C
1,,,,,TraesCS4B02G199500,PF18592,Tho1_MOS11_C
0,,,,,TraesCS5A02G079000,PF00076,RRM_1
0,,,,,TraesCS4A02G175900,PF00332,Glyco_hydro_17
1,,,,,TraesCS4A02G175900,PF07983,X8
0,,,,,TraesCS2D02G196100,PF04800,NDUS4
0,,,,,TraesCS4A02G266400,PF00384,Molybdopterin
1,,,,,TraesCS4A02G266400,PF09326,NADH_dhqG_C
2,,,,,TraesCS4A02G266400,PF10588,NADH-G_4Fe-4S_3
3,,,,,TraesCS4A02G266400,PF13510,Fer2_4
4,,,,,TraesCS4A02G266400,PF22117,Nqo3_Fer4
5,,,,,TraesCS4A02G266400,PF22151,NDSU1_4Fe-4S
0,,,,,TraesCS7D02G492100,PF13499,EF-hand_7
1,,,,,TraesCS7D02G492100,PF13499,EF-hand_7
0,,,,,TraesCS5D02G194100,PF00125,Histone
0,,,,,TraesCS4B02G280900,PF01301,Glyco_hydro_35
1,,,,,TraesCS4B02G280900,PF02140,Gal_Lectin
2,,,,,TraesCS4B02G280900,PF17834,GHD
3,,,,,TraesCS4B02G280900,PF21467,BetaGal_gal-bd
4,,,,,TraesCS4B02G280900,PF21467,BetaGal_gal-bd
0,,,,,TraesCS4D02G365600,PF00107,ADH_zinc_N
1,,,,,TraesCS4D02G365600,PF08240,ADH_N
0,,,,,TraesCS3A02G178200,PF02902,Peptidase_C48
0,,,,,TraesCS4B02G352100,PF00082,Peptidase_S8
1,,,,,TraesCS4B02G352100,PF02225,PA
2,,,,,TraesCS4B02G352100,PF05922,Inhibitor_I9
3,,,,,TraesCS4B02G352100,PF17766,fn3_6
0,,,,,TraesCS6D02G150100,PF00646,F-box
0,,,,,TraesCS2D02G220000,PF00293,NUDIX
0,,,,,TraesCS7D02G349600,PF00046,Homeodomain
0,,,,,TraesCS1B02G234400,PF05641,Agenet
0,,,,,TraesCS1D02G222700,PF05641,Agenet
0,,,,,TraesCS4D02G009000,PF01627,Hpt
0,,,,,TraesCS7B02G228300,PF05450,Nicastrin
0,,,,,TraesCS6A02G145500,PF03789,ELK
1,,,,,TraesCS6A02G145500,PF03790,KNOX1
2,,,,,TraesCS6A02G145500,PF03791,KNOX2
3,,,,,TraesCS6A02G145500,PF05920,Homeobox_KN
0,,,,,TraesCS2B02G549400,PF08541,ACP_syn_III_C
1,,,,,TraesCS2B02G549400,PF08545,ACP_syn_III
0,,,,,TraesCS2D02G324800,PF00249,Myb_DNA-binding
1,,,,,TraesCS2D02G324800,PF00249,Myb_DNA-binding
0,,,,,TraesCS4D02G007200,PF00389,2-Hacid_dh
1,,,,,TraesCS4D02G007200,PF02826,2-Hacid_dh_C
0,,,,,TraesCS5D02G238100,PF00639,Rotamase
0,,,,,TraesCS1B02G209800,PF00790,VHS
1,,,,,TraesCS1B02G209800,PF03127,GAT
0,,,,,TraesCS3A02G219400,PF07800,DUF1644
0,,,,,TraesCS6B02G432900,PF00248,Aldo_ket_red
0,,,,,TraesCS2D02G207900,PF03134,TB2_DP1_HVA22
0,,,,,TraesCS2B02G307600,PF00536,SAM_1
1,,,,,TraesCS2B02G307600,PF02466,Tim17
0,,,,,TraesCS7B02G178500,PF03151,TPT
0,,,,,TraesCS2D02G190300,PF03435,Sacchrp_dh_NADP
0,,,,,TraesCS4B02G254400,PF00400,WD40
1,,,,,TraesCS4B02G254400,PF00400,WD40
2,,,,,TraesCS4B02G254400,PF00400,WD40
0,,,,,TraesCS2A02G437100,PF01263,Aldose_epim
0,,,,,TraesCS1A02G116200,PF03552,Cellulose_synt
1,,,,,TraesCS1A02G116200,PF14569,zf-UDP
0,,,,,TraesCS6A02G399000,PF13646,HEAT_2
1,,,,,TraesCS6A02G399000,PF13646,HEAT_2
0,,,,,TraesCS7D02G150900,PF01679,Pmp3
0,,,,,TraesCS1A02G198600,PF03141,Methyltransf_29
0,,,,,TraesCS4A02G470000,PF06749,DUF1218
0,,,,,TraesCS3B02G430300,PF00445,Ribonuclease_T2
0,,,,,TraesCS2A02G518700,PF07855,ATG101
0,,,,,TraesCS3D02G219500,PF00400,WD40
1,,,,,TraesCS3D02G219500,PF00400,WD40
2,,,,,TraesCS3D02G219500,PF00400,WD40
3,,,,,TraesCS3D02G219500,PF00400,WD40
4,,,,,TraesCS3D02G219500,PF08513,LisH
0,,,,,TraesCS2D02G309500,PF00724,Oxidored_FMN
0,,,,,TraesCS1D02G424900,PF04695,Pex14_N
1,,,,,TraesCS1D02G424900,PF17733,DUF5572
0,,,,,TraesCS1A02G364500,PF05184,SapB_1
1,,,,,TraesCS1A02G364500,PF05184,SapB_1
0,,,,,TraesCS7D02G442900,PF00240,ubiquitin
1,,,,,TraesCS7D02G442900,PF00240,ubiquitin
0,,,,,TraesCS1D02G159300,PF02996,Prefoldin
0,,,,,TraesCS5D02G341400,PF00515,TPR_1
1,,,,,TraesCS5D02G341400,PF00515,TPR_1
0,,,,,TraesCS6D02G135100,PF00227,Proteasome
0,,,,,TraesCS2D02G165200,PF01926,MMR_HSR1
1,,,,,TraesCS2D02G165200,PF02824,TGS
2,,,,,TraesCS2D02G165200,PF16897,MMR_HSR1_Xtn
0,,,,,TraesCS7A02G229400,PF01161,PBP
0,,,,,TraesCS6D02G140100,PF13639,zf-RING_2
0,,,,,TraesCS7A02G255400,PF09439,SRPRB
0,,,,,TraesCS5A02G302100,PF04910,Tcf25
0,,,,,TraesCS2A02G203600,PF01412,ArfGap
0,,,,,TraesCS5D02G217600,PF01409,tRNA-synt_2d
1,,,,,TraesCS5D02G217600,PF18553,PheRS_DBD3
0,,,,,TraesCS1D02G175200,PF00230,MIP
0,,,,,TraesCS6D02G107000,PF00125,Histone
1,,,,,TraesCS6D02G107000,PF16211,Histone_H2A_C
0,,,,,TraesCS7A02G234100,PF01277,Oleosin
0,,,,,TraesCS3B02G275100,PF01428,zf-AN1
1,,,,,TraesCS3B02G275100,PF01754,zf-A20
0,,,,,TraesCS1A02G201600,PF00083,Sugar_tr
1,,,,,TraesCS1A02G201600,PF00083,Sugar_tr
0,,,,,TraesCS6A02G043400,PF21743,PTM_DIR17_Tudor
0,,,,,TraesCS2D02G555000,PF05093,CIAPIN1
1,,,,,TraesCS2D02G555000,PF08241,Methyltransf_11
0,,,,,TraesCS3A02G220400,PF00076,RRM_1
1,,,,,TraesCS3A02G220400,PF00076,RRM_1
0,,,,,TraesCS1D02G452300,PF00334,NDK
0,,,,,TraesCS3A02G120900,PF02535,Zip
0,,,,,TraesCS2B02G453900,PF00327,Ribosomal_L30
1,,,,,TraesCS2B02G453900,PF08079,Ribosomal_L30_N
0,,,,,TraesCS2D02G573000,PF00421,PSII
0,,,,,TraesCS7A02G334200,PF00202,Aminotran_3
0,,,,,TraesCS2B02G182300,PF13639,zf-RING_2
0,,,,,TraesCS4D02G132200,PF00230,MIP
0,,,,,TraesCS7D02G058800,PF00293,NUDIX
0,,,,,TraesCS5A02G326800,PF13639,zf-RING_2
0,,,,,TraesCS1D02G327700,PF22486,MATH_2
0,,,,,TraesCS3B02G493500,PF00304,Gamma-thionin
0,,,,,TraesCS4B02G056800,PF05770,Ins134_P3_kin
1,,,,,TraesCS4B02G056800,PF17927,Ins134_P3_kin_N
0,,,,,TraesCS1A02G170600,PF00561,Abhydrolase_1
0,,,,,TraesCS6D02G144600,PF04570,zf-FLZ
0,,,,,TraesCS4D02G196800,PF14138,COX16
0,,,,,TraesCS1D02G368300,PF07797,DUF1639
0,,,,,TraesCS2B02G616300,PF04597,Ribophorin_I
0,,,,,TraesCS4D02G190600,PF00004,AAA
1,,,,,TraesCS4D02G190600,PF16450,Prot_ATP_ID_OB_C
2,,,,,TraesCS4D02G190600,PF17862,AAA_lid_3
0,,,,,TraesCS2D02G084300,PF19326,AMP_deaminase
0,,,,,TraesCS2D02G520100,PF07855,ATG101
0,,,,,TraesCS4A02G051400,PF00483,NTP_transferase
0,,,,,TraesCS6D02G055400,PF01294,Ribosomal_L13e
0,,,,,TraesCS3D02G199200,PF01398,JAB
1,,,,,TraesCS3D02G199200,PF08969,USP8_dimer
0,,,,,TraesCS2A02G284500,PF00403,HMA
1,,,,,TraesCS2A02G284500,PF00403,HMA
0,,,,,TraesCS3A02G521600,PF01472,PUA
1,,,,,TraesCS3A02G521600,PF17832,Pre-PUA
0,,,,,TraesCS2D02G157100,PF01679,Pmp3
0,,,,,TraesCS5B02G002900,PF05116,S6PP
1,,,,,TraesCS5B02G002900,PF08472,S6PP_C
0,,,,,TraesCS1B02G310400,PF00234,Tryp_alpha_amyl
0,,,,,TraesCS5A02G251390,PF00010,HLH
0,,,,,TraesCS2A02G475900,PF00004,AAA
1,,,,,TraesCS2A02G475900,PF16450,Prot_ATP_ID_OB_C
2,,,,,TraesCS2A02G475900,PF17862,AAA_lid_3
0,,,,,TraesCS4B02G149300,PF07011,Elf4
0,,,,,TraesCS5D02G231500,PF05051,COX17
0,,,,,TraesCS5A02G265400,PF00168,C2
1,,,,,TraesCS5A02G265400,PF00168,C2
2,,,,,TraesCS5A02G265400,PF00168,C2
3,,,,,TraesCS5A02G265400,PF08372,PRT_C
0,,,,,TraesCS1A02G062900,PF14368,LTP_2
0,,,,,TraesCS2B02G416400,PF02469,Fasciclin
0,,,,,TraesCS4D02G030000,PF04398,DUF538
0,,,,,TraesCS7A02G335400,PF00403,HMA
0,,,,,TraesCS7A02G499400,PF00584,SecE
0,,,,,TraesCS5B02G275700,PF01266,DAO
0,,,,,TraesCS2B02G194400,PF00318,Ribosomal_S2
1,,,,,TraesCS2B02G194400,PF00318,Ribosomal_S2
2,,,,,TraesCS2B02G194400,PF16122,40S_SA_C
0,,,,,TraesCS5B02G058200,PF00125,Histone
0,,,,,TraesCS4A02G341000,PF00810,ER_lumen_recept
0,,,,,TraesCS7D02G440200,PF02679,ComA
0,,,,,TraesCS5D02G449300,PF10153,Efg1
0,,,,,TraesCS5A02G017900,PF00314,Thaumatin
0,,,,,TraesCS2D02G265500,PF09756,DDRGK
0,,,,,TraesCS3B02G254500,PF00069,Pkinase
1,,,,,TraesCS3B02G254500,PF13499,EF-hand_7
2,,,,,TraesCS3B02G254500,PF13499,EF-hand_7
0,,,,,TraesCS4A02G186300,PF00467,KOW
1,,,,,TraesCS4A02G186300,PF17136,ribosomal_L24
0,,,,,TraesCS3D02G479900,PF00289,Biotin_carb_N
1,,,,,TraesCS3D02G479900,PF00364,Biotin_lipoyl
2,,,,,TraesCS3D02G479900,PF01039,Carboxyl_trans
3,,,,,TraesCS3D02G479900,PF02785,Biotin_carb_C
4,,,,,TraesCS3D02G479900,PF02786,CPSase_L_D2
5,,,,,TraesCS3D02G479900,PF08326,ACC_central
6,,,,,TraesCS3D02G479900,PF21385,ACCA_BT
0,,,,,TraesCS4A02G030600,PF04927,SMP
1,,,,,TraesCS4A02G030600,PF04927,SMP
2,,,,,TraesCS4A02G030600,PF04927,SMP
0,,,,,TraesCS2A02G273100,PF00112,Peptidase_C1
1,,,,,TraesCS2A02G273100,PF08246,Inhibitor_I29
0,,,,,TraesCS2A02G318900,PF00125,Histone
0,,,,,TraesCS4D02G137000,PF01439,Metallothio_2
0,,,,,TraesCS6D02G237400,PF02186,TFIIE_beta
1,,,,,TraesCS6D02G237400,PF18121,TFA2_Winged_2
0,,,,,TraesCS5D02G292800,PF00834,Ribul_P_3_epim
0,,,,,TraesCS3B02G179200,PF22891,KH_PNO1_2nd
0,,,,,TraesCS3D02G485400,PF12046,CCB1
0,,,,,TraesCS5D02G559400,PF00421,PSII
0,,,,,TraesCS7A02G294500,PF04818,CID
1,,,,,TraesCS7A02G294500,PF23228,zf_PCFS4
0,,,,,TraesCS4A02G324400,PF06979,TMEM70
0,,,,,TraesCS5A02G325600,PF04921,XAP5
0,,,,,TraesCS2A02G492300,PF00612,IQ
1,,,,,TraesCS2A02G492300,PF00612,IQ
0,,,,,TraesCS4B02G393300,PF00234,Tryp_alpha_amyl
0,,,,,TraesCS5D02G550700,PF00118,Cpn60_TCP1
0,,,,,TraesCS6B02G393700,PF15365,PNRC
0,,,,,TraesCS4B02G323400,PF14368,LTP_2
0,,,,,TraesCS1A02G004200,PF04739,AMPKBI
0,,,,,TraesCS2A02G308600,PF17830,STI1-HOP_DP
0,,,,,TraesCS2D02G477600,PF16845,SQAPI
0,,,,,TraesCS7D02G428800,PF03760,LEA_1
0,,,,,TraesCS3A02G168900,PF04667,Endosulfine
0,,,,,TraesCS7A02G438600,PF20241,DUF6598
0,,,,,TraesCS5B02G437500,PF07899,Frigida
0,,,,,TraesCS2B02G609300,PF16845,SQAPI
0,,,,,TraesCS4B02G112000,PF02496,ABA_WDS
0,,,,,TraesCS7B02G192700,PF03760,LEA_1
0,,,,,TraesCS5D02G562500,PF12937,F-box-like
0,,,,,TraesCS7B02G040500,PF07651,ANTH
0,,,,,TraesCS5A02G148500,PF03489,SapB_2
1,,,,,TraesCS5A02G148500,PF03489,SapB_2
2,,,,,TraesCS5A02G148500,PF05184,SapB_1
3,,,,,TraesCS5A02G148500,PF05184,SapB_1
0,,,,,TraesCS5A02G018400,PF00314,Thaumatin
0,,,,,TraesCS6D02G090800,PF02845,CUE
0,,,,,TraesCS6A02G200600,PF03009,GDPD
0,,,,,TraesCS6D02G326700,PF01247,Ribosomal_L35Ae
0,,,,,TraesCS3B02G186100,PF00016,RuBisCO_large
1,,,,,TraesCS3B02G186100,PF02788,RuBisCO_large_N
0,,,,,TraesCS4B02G128400,PF04727,ELMO_CED12
0,,,,,TraesCS5B02G063300,PF02574,S-methyl_trans
0,,,,,TraesCS3B02G592500,PF03547,Mem_trans
0,,,,,TraesCS6D02G189300,PF03009,GDPD
0,,,,,TraesCS4B02G260600,PF01015,Ribosomal_S3Ae
0,,,,,TraesCS1B02G017000,PF01419,Jacalin
0,,,,,TraesCS7B02G104500,PF00169,PH
1,,,,,TraesCS7B02G104500,PF00350,Dynamin_N
2,,,,,TraesCS7B02G104500,PF01031,Dynamin_M
3,,,,,TraesCS7B02G104500,PF02212,GED
0,,,,,TraesCS4A02G263900,PF02733,Dak1
1,,,,,TraesCS4A02G263900,PF02734,Dak2
0,,,,,TraesCS3D02G501900,PF04577,Glyco_transf_61
0,,,,,TraesCS3A02G402600,PF08492,SRP72
1,,,,,TraesCS3A02G402600,PF17004,SRP_TPR_like
0,,,,,TraesCS1B02G174500,PF10236,DAP3
0,,,,,TraesCS2D02G311400,PF00011,HSP20
0,,,,,TraesCS1B02G121500,PF10273,WGG
0,,,,,TraesCS3D02G537000,PF00203,Ribosomal_S19
0,,,,,TraesCS7D02G317500,PF02862,DDHD
1,,,,,TraesCS7D02G317500,PF02862,DDHD
0,,,,,TraesCS4A02G257800,PF00091,Tubulin
1,,,,,TraesCS4A02G257800,PF03953,Tubulin_C
0,,,,,TraesCS7A02G062100,PF00118,Cpn60_TCP1
0,,,,,TraesCS3A02G097300,PF03489,SapB_2
1,,,,,TraesCS3A02G097300,PF05184,SapB_1
0,,,,,TraesCS5D02G408000,PF02704,GASA
0,,,,,TraesCS7A02G107100,PF00899,ThiF
0,,,,,TraesCS3B02G167700,PF00125,Histone
0,,,,,TraesCS7B02G484200,PF01565,FAD_binding_4
0,,,,,TraesCS2D02G087300,PF00575,S1
1,,,,,TraesCS2D02G087300,PF07541,EIF_2_alpha
0,,,,,TraesCS6D02G014600,PF00319,SRF-TF
1,,,,,TraesCS6D02G014600,PF01486,K-box
0,,,,,TraesCS7B02G074300,PF01105,EMP24_GP25L
0,,,,,TraesCS3D02G128600,PF08642,Rxt3
0,,,,,TraesCS2A02G233800,PF00860,Xan_ur_permease
0,,,,,TraesCS5D02G450200,PF18376,MDD_C
1,,,,,TraesCS5D02G450200,PF22700,MVD-like_N
0,,,,,TraesCS2B02G221800,PF00091,Tubulin
1,,,,,TraesCS2B02G221800,PF03953,Tubulin_C
0,,,,,TraesCS1A02G195100,PF00790,VHS
1,,,,,TraesCS1A02G195100,PF03127,GAT
0,,,,,TraesCS6D02G383500,PF00118,Cpn60_TCP1
0,,,,,TraesCS7D02G534500,PF00004,AAA
1,,,,,TraesCS7D02G534500,PF01434,Peptidase_M41
2,,,,,TraesCS7D02G534500,PF17862,AAA_lid_3
0,,,,,TraesCS6B02G327200,PF02298,Cu_bind_like
0,,,,,TraesCS4A02G160400,PF02020,W2
0,,,,,TraesCS6D02G187500,PF06273,eIF-4B
1,,,,,TraesCS6D02G187500,PF06273,eIF-4B
0,,,,,TraesCS1B02G282800,PF00170,bZIP_1
0,,,,,TraesCS6B02G113700,PF05615,THOC7
0,,,,,TraesCS2A02G374100,PF00005,ABC_tran
1,,,,,TraesCS2A02G374100,PF01061,ABC2_membrane
2,,,,,TraesCS2A02G374100,PF19055,ABC2_membrane_7
0,,,,,TraesCS6D02G168400,PF00850,Hist_deacetyl
0,,,,,TraesCS5B02G454300,PF07762,DUF1618
0,,,,,TraesCS2A02G033700,PF00183,HSP90
1,,,,,TraesCS2A02G033700,PF13589,HATPase_c_3
0,,,,,TraesCS5A02G511100,PF00067,p450
0,,,,,TraesCS3A02G053000,PF00234,Tryp_alpha_amyl
0,,,,,TraesCS3D02G325000,PF03151,TPT
0,,,,,TraesCS6A02G071400,PF00288,GHMP_kinases_N
1,,,,,TraesCS6A02G071400,PF08544,GHMP_kinases_C
0,,,,,TraesCS7A02G352700,PF00899,ThiF
0,,,,,TraesCS2D02G118400,PF02705,K_trans
1,,,,,TraesCS2D02G118400,PF22776,K_trans_C
0,,,,,TraesCS4B02G197400,PF00400,WD40
1,,,,,TraesCS4B02G197400,PF00400,WD40
2,,,,,TraesCS4B02G197400,PF00400,WD40
0,,,,,TraesCS1A02G230100,PF05347,Complex1_LYR
0,,,,,TraesCS1A02G309200,PF00249,Myb_DNA-binding
1,,,,,TraesCS1A02G309200,PF14379,Myb_CC_LHEQLE
0,,,,,TraesCS1D02G279800,PF00582,Usp
0,,,,,TraesCS7D02G117100,PF00125,Histone
0,,,,,TraesCS1B02G126700,PF01106,NifU
1,,,,,TraesCS1B02G126700,PF08712,Nfu_N
0,,,,,TraesCS7B02G200000,PF00076,RRM_1
1,,,,,TraesCS7B02G200000,PF11835,RRM_8
2,,,,,TraesCS7B02G200000,PF13893,RRM_5
0,,,,,TraesCS5D02G323200,PF17067,RPS31
0,,,,,TraesCS4B02G204500,PF00430,ATP-synt_B
0,,,,,TraesCS4B02G190900,PF00575,S1
1,,,,,TraesCS4B02G190900,PF07541,EIF_2_alpha
0,,,,,TraesCS6D02G005200,PF00085,Thioredoxin
1,,,,,TraesCS6D02G005200,PF00085,Thioredoxin
2,,,,,TraesCS6D02G005200,PF13848,Thioredoxin_6
0,,,,,TraesCS5D02G150700,PF00170,bZIP_1
0,,,,,TraesCS2D02G232400,PF00481,PP2C
0,,,,,TraesCS3B02G141100,PF10497,zf-4CXXC_R1
0,,,,,TraesCS2D02G138200,PF08551,DUF1751
0,,,,,TraesCS4D02G364100,PF04749,PLAC8
0,,,,,TraesCS3D02G123300,PF14541,TAXi_C
1,,,,,TraesCS3D02G123300,PF14543,TAXi_N
0,,,,,TraesCS1A02G231000,PF04398,DUF538
0,,,,,TraesCS5B02G014200,PF01485,IBR
1,,,,,TraesCS5B02G014200,PF01485,IBR
2,,,,,TraesCS5B02G014200,PF13456,RVT_3
0,,,,,TraesCS2A02G554300,PF02362,B3
0,,,,,TraesCS4A02G217900,PF02990,EMP70
0,,,,,TraesCS4B02G306300,PF00612,IQ
1,,,,,TraesCS4B02G306300,PF00612,IQ
2,,,,,TraesCS4B02G306300,PF01833,TIG
3,,,,,TraesCS4B02G306300,PF03859,CG-1
4,,,,,TraesCS4B02G306300,PF12796,Ank_2
0,,,,,TraesCS1B02G274700,PF00573,Ribosomal_L4
1,,,,,TraesCS1B02G274700,PF14374,Ribos_L4_asso_C
0,,,,,TraesCS5B02G300200,PF09360,zf-CDGSH
0,,,,,TraesCS2D02G218800,PF11566,PI31_Prot_N
0,,,,,TraesCS6A02G269700,PF08241,Methyltransf_11
0,,,,,TraesCS1A02G164800,PF16499,Melibiase_2
1,,,,,TraesCS1A02G164800,PF17801,Melibiase_C
0,,,,,TraesCS1B02G332700,PF03358,FMN_red
0,,,,,TraesCS5A02G165800,PF13460,NAD_binding_10
0,,,,,TraesCS7D02G535500,PF00128,Alpha-amylase
1,,,,,TraesCS7D02G535500,PF02922,CBM_48
0,,,,,TraesCS7B02G395100,PF00179,UQ_con
0,,,,,TraesCS1D02G108200,PF03876,SHS2_Rpb7-N
0,,,,,TraesCS7A02G299700,PF01145,Band_7
1,,,,,TraesCS7A02G299700,PF16200,Band_7_C
0,,,,,TraesCS2A02G455400,PF13639,zf-RING_2
0,,,,,TraesCS6D02G191100,PF03024,Folate_rec
0,,,,,TraesCS2D02G259400,PF00854,PTR2
0,,,,,TraesCS6A02G033300,PF03171,2OG-FeII_Oxy
1,,,,,TraesCS6A02G033300,PF14226,DIOX_N
0,,,,,TraesCS1B02G376600,PF15511,CENP-T_C
0,,,,,TraesCS7D02G487600,PF03297,Ribosomal_S25
0,,,,,TraesCS2A02G222800,PF13088,BNR_2
1,,,,,TraesCS2A02G222800,PF13088,BNR_2
0,,,,,TraesCS5D02G158900,PF13839,PC-Esterase
1,,,,,TraesCS5D02G158900,PF14416,PMR5N
0,,,,,TraesCS3B02G389800,PF01196,Ribosomal_L17
0,,,,,TraesCS5A02G411200,PF00890,FAD_binding_2
1,,,,,TraesCS5A02G411200,PF02910,Succ_DH_flav_C
0,,,,,TraesCS3D02G323200,PF14368,LTP_2
0,,,,,TraesCS4B02G162300,PF13639,zf-RING_2
0,,,,,TraesCS3A02G140900,PF00657,Lipase_GDSL
0,,,,,TraesCS4B02G032700,PF07762,DUF1618
0,,,,,TraesCS3A02G113900,PF05691,Raffinose_syn
1,,,,,TraesCS3A02G113900,PF05691,Raffinose_syn
0,,,,,TraesCS3D02G177100,PF17352,MFS18
0,,,,,TraesCS6A02G196200,PF00622,SPRY
1,,,,,TraesCS6A02G196200,PF10607,CTLH
0,,,,,TraesCS4B02G076200,PF00112,Peptidase_C1
1,,,,,TraesCS4B02G076200,PF00112,Peptidase_C1
2,,,,,TraesCS4B02G076200,PF08246,Inhibitor_I29
0,,,,,TraesCS6A02G253300,PF00257,Dehydrin
1,,,,,TraesCS6A02G253300,PF00257,Dehydrin
0,,,,,TraesCS2B02G209000,PF03435,Sacchrp_dh_NADP
0,,,,,TraesCS7A02G278100,PF02167,Cytochrom_C1
0,,,,,TraesCS3A02G446200,PF00450,Peptidase_S10
0,,,,,TraesCS2A02G490200,PF00400,WD40
1,,,,,TraesCS2A02G490200,PF00400,WD40
2,,,,,TraesCS2A02G490200,PF00400,WD40
3,,,,,TraesCS2A02G490200,PF00400,WD40
4,,,,,TraesCS2A02G490200,PF00400,WD40
0,,,,,TraesCS6A02G118100,PF00069,Pkinase
0,,,,,TraesCS2A02G342800,PF01019,G_glu_transpept
0,,,,,TraesCS5A02G199700,PF00501,AMP-binding
1,,,,,TraesCS5A02G199700,PF16177,ACAS_N
0,,,,,TraesCS1D02G305400,PF00175,NAD_binding_1
1,,,,,TraesCS1D02G305400,PF00970,FAD_binding_6
0,,,,,TraesCS3D02G302900,PF00651,BTB
1,,,,,TraesCS3D02G302900,PF12313,NPR1_like_C
2,,,,,TraesCS3D02G302900,PF12796,Ank_2
0,,,,,TraesCS5A02G498300,PF13499,EF-hand_7
0,,,,,TraesCS6D02G239500,PF01435,Peptidase_M48
1,,,,,TraesCS6D02G239500,PF16491,Peptidase_M48_N
0,,,,,TraesCS5D02G275300,PF00076,RRM_1
1,,,,,TraesCS5D02G275300,PF00642,zf-CCCH
2,,,,,TraesCS5D02G275300,PF00642,zf-CCCH
0,,,,,TraesCS7A02G141800,PF01756,ACOX
1,,,,,TraesCS7A02G141800,PF02770,Acyl-CoA_dh_M
2,,,,,TraesCS7A02G141800,PF22924,ACOX_C_alpha1
0,,,,,TraesCS3B02G526400,PF01027,Bax1-I
0,,,,,TraesCS7B02G407300,PF03297,Ribosomal_S25
0,,,,,TraesCS5A02G204700,PF00538,Linker_histone
1,,,,,TraesCS5A02G204700,PF02178,AT_hook
2,,,,,TraesCS5A02G204700,PF02178,AT_hook
3,,,,,TraesCS5A02G204700,PF02178,AT_hook
4,,,,,TraesCS5A02G204700,PF02178,AT_hook
0,,,,,TraesCS6D02G371200,PF00107,ADH_zinc_N
1,,,,,TraesCS6D02G371200,PF08240,ADH_N
0,,,,,TraesCS4A02G190600,PF20520,Ac45-VOA1_TM
0,,,,,TraesCS5D02G201800,PF00400,WD40
1,,,,,TraesCS5D02G201800,PF00400,WD40
2,,,,,TraesCS5D02G201800,PF00400,WD40
3,,,,,TraesCS5D02G201800,PF00400,WD40
4,,,,,TraesCS5D02G201800,PF00400,WD40
0,,,,,TraesCS7B02G390000,PF13920,zf-C3HC4_3
0,,,,,TraesCS7D02G177600,PF02893,GRAM
0,,,,,TraesCS2B02G343600,PF02365,NAM
0,,,,,TraesCS1D02G129200,PF00153,Mito_carr
1,,,,,TraesCS1D02G129200,PF00153,Mito_carr
2,,,,,TraesCS1D02G129200,PF00153,Mito_carr
0,,,,,TraesCS6B02G207000,PF08392,FAE1_CUT1_RppA
1,,,,,TraesCS6B02G207000,PF08541,ACP_syn_III_C
0,,,,,TraesCS6D02G262700,AF-A0A453PFG3-F1,"Mapped direct from UniParc UPI00016EF113 to UniProt A0A453PFG3, Ensembl stable ID TraesCS6D02G262700.1, alpha_version 4)"
1,,,,,TraesCS6D02G262700,PF00153,Mito_carr
2,,,,,TraesCS6D02G262700,PF00153,Mito_carr
3,,,,,TraesCS6D02G262700,PF00153,Mito_carr
0,,,,,TraesCS1A02G282000,PF00248,Aldo_ket_red
0,,,,,TraesCS2D02G202000,PF13513,HEAT_EZ
1,,,,,TraesCS2D02G202000,PF13513,HEAT_EZ
2,,,,,TraesCS2D02G202000,PF13513,HEAT_EZ
3,,,,,TraesCS2D02G202000,PF18808,Importin_rep_4
4,,,,,TraesCS2D02G202000,PF18829,Importin_rep_6
0,,,,,TraesCS5A02G267500,PF00076,RRM_1
1,,,,,TraesCS5A02G267500,PF00642,zf-CCCH
2,,,,,TraesCS5A02G267500,PF00642,zf-CCCH
0,,,,,TraesCS4A02G264500,PF05542,DUF760
0,,,,,TraesCS4A02G138000,PF01849,NAC
1,,,,,TraesCS4A02G138000,PF19026,HYPK_UBA
0,,,,,TraesCS3A02G133400,PF03171,2OG-FeII_Oxy
1,,,,,TraesCS3A02G133400,PF14226,DIOX_N
0,,,,,TraesCS4A02G415600,PF00892,EamA
1,,,,,TraesCS4A02G415600,PF00892,EamA
0,,,,,TraesCS3B02G379500,PF01425,Amidase
0,,,,,TraesCS3B02G131200,PF00011,HSP20
0,,,,,TraesCS6D02G326400,PF00004,AAA
1,,,,,TraesCS6D02G326400,PF17862,AAA_lid_3
2,,,,,TraesCS6D02G326400,PF21236,PRS7_OB
0,,,,,TraesCS7B02G249100,PF04950,RIBIOP_C
1,,,,,TraesCS7B02G249100,PF08142,AARP2CN
2,,,,,TraesCS7B02G249100,PF22298,Tsr1_G-like
0,,,,,TraesCS4D02G221200,PF00400,WD40
1,,,,,TraesCS4D02G221200,PF00400,WD40
2,,,,,TraesCS4D02G221200,PF00400,WD40
3,,,,,TraesCS4D02G221200,PF17814,LisH_TPL
4,,,,,TraesCS4D02G221200,PF21359,zf_topless
5,,,,,TraesCS4D02G221200,PF21889,TPR1-like_2nd
0,,,,,TraesCS6A02G288000,PF00205,TPP_enzyme_M
1,,,,,TraesCS6A02G288000,PF02775,TPP_enzyme_C
2,,,,,TraesCS6A02G288000,PF02776,TPP_enzyme_N
0,,,,,TraesCS7B02G093600,PF00249,Myb_DNA-binding
0,,,,,TraesCS6B02G139000,PF13243,SQHop_cyclase_C
1,,,,,TraesCS6B02G139000,PF13249,SQHop_cyclase_N
0,,,,,TraesCS1D02G366400,PF00125,Histone
0,,,,,TraesCS1B02G086600,PF00249,Myb_DNA-binding
1,,,,,TraesCS1B02G086600,PF00249,Myb_DNA-binding
0,,,,,TraesCS6D02G227500,PF00230,MIP
0,,,,,TraesCS6B02G447600,PF03479,PCC
0,,,,,TraesCS7B02G350600,PF08387,FBD
1,,,,,TraesCS7B02G350600,PF24758,LRR_At5g56370
0,,,,,TraesCS7B02G381600,PF00085,Thioredoxin
0,,,,,TraesCS2D02G075300,PF00009,GTP_EFTU
1,,,,,TraesCS2D02G075300,PF03144,GTP_EFTU_D2
2,,,,,TraesCS2D02G075300,PF22594,GTP-eEF1A_C
0,,,,,TraesCS4A02G268100,PF00400,WD40
1,,,,,TraesCS4A02G268100,PF00400,WD40
2,,,,,TraesCS4A02G268100,PF00400,WD40
3,,,,,TraesCS4A02G268100,PF00400,WD40
4,,,,,TraesCS4A02G268100,PF00400,WD40
5,,,,,TraesCS4A02G268100,PF04053,B-prop_COPA_B_2nd
6,,,,,TraesCS4A02G268100,PF06957,COPI_C
7,,,,,TraesCS4A02G268100,PF23953,TPR_COPA_B
0,,,,,TraesCS2B02G225900,PF00230,MIP
0,,,,,TraesCS7A02G350800,PF10604,Polyketide_cyc2
0,,,,,TraesCS1D02G088100,PF07767,Nop53
0,,,,,TraesCS6A02G385700,PF00238,Ribosomal_L14
0,,,,,TraesCS2D02G141100,PF12483,GIDE
1,,,,,TraesCS2D02G141100,PF13920,zf-C3HC4_3
0,,,,,TraesCS3D02G479100,PF00191,Annexin
1,,,,,TraesCS3D02G479100,PF00191,Annexin
2,,,,,TraesCS3D02G479100,PF00191,Annexin
3,,,,,TraesCS3D02G479100,PF00191,Annexin
0,,,,,TraesCS7A02G362000,PF00006,ATP-synt_ab
1,,,,,TraesCS7A02G362000,PF02874,ATP-synt_ab_N
2,,,,,TraesCS7A02G362000,PF22919,ATP-synt_VA_C
0,,,,,TraesCS7A02G344600,PF00875,DNA_photolyase
0,,,,,TraesCS1D02G293000,PF00248,Aldo_ket_red
0,,,,,TraesCS5D02G466200,PF00717,Peptidase_S24
0,,,,,TraesCS4A02G306500,PF00240,ubiquitin
1,,,,,TraesCS4A02G306500,PF01020,Ribosomal_L40e
0,,,,,TraesCS7A02G050200,PF21864,MORF_dom
0,,,,,TraesCS5D02G529200,PF00106,adh_short
0,,,,,TraesCS7A02G481500,PF01546,Peptidase_M20
1,,,,,TraesCS7A02G481500,PF07687,M20_dimer
0,,,,,TraesCS7A02G437900,PF00125,Histone
1,,,,,TraesCS7A02G437900,PF16211,Histone_H2A_C
0,,,,,TraesCS5A02G226000,PF12352,V-SNARE_C
0,,,,,TraesCS4B02G375600,PF01357,Expansin_C
1,,,,,TraesCS4B02G375600,PF03330,DPBB_1
0,,,,,TraesCS1B02G387700,PF02681,DUF212
0,,,,,TraesCS2A02G154500,PF05839,Apc13p
0,,,,,TraesCS3D02G308900,PF02574,S-methyl_trans
0,,,,,TraesCS1A02G217900,PF00514,Arm
1,,,,,TraesCS1A02G217900,PF00514,Arm
2,,,,,TraesCS1A02G217900,PF00514,Arm
3,,,,,TraesCS1A02G217900,PF00514,Arm
4,,,,,TraesCS1A02G217900,PF00514,Arm
5,,,,,TraesCS1A02G217900,PF00514,Arm
6,,,,,TraesCS1A02G217900,PF00514,Arm
7,,,,,TraesCS1A02G217900,PF12937,F-box-like
0,,,,,TraesCS1B02G363400,PF04367,DUF502
0,,,,,TraesCS5D02G191500,PF01925,TauE
1,,,,,TraesCS5D02G191500,PF01925,TauE
0,,,,,TraesCS5B02G246700,PF00046,Homeodomain
1,,,,,TraesCS5B02G246700,PF02183,HALZ
0,,,,,TraesCS6D02G340500,PF03080,Neprosin
1,,,,,TraesCS6D02G340500,PF14365,Neprosin_AP
0,,,,,TraesCS6A02G158300,PF00162,PGK
0,,,,,TraesCS3B02G248800,PF04893,Yip1
0,,,,,TraesCS6D02G284500,PF01202,SKI
0,,,,,TraesCS3A02G180000,PF00141,peroxidase
0,,,,,TraesCS1A02G296100,PF00097,zf-C3HC4
0,,,,,TraesCS3D02G078500,PF02365,NAM
0,,,,,TraesCS1A02G014100,PF00304,Gamma-thionin
0,,,,,TraesCS5B02G563900,PF00118,Cpn60_TCP1
0,,,,,TraesCS1D02G237800,PF00076,RRM_1
1,,,,,TraesCS1D02G237800,PF00076,RRM_1
2,,,,,TraesCS1D02G237800,PF00076,RRM_1
0,,,,,TraesCS1B02G122000,PF04548,AIG1
1,,,,,TraesCS1B02G122000,PF11886,TOC159_MAD
0,,,,,TraesCS1B02G399000,PF00085,Thioredoxin
1,,,,,TraesCS1B02G399000,PF04777,Evr1_Alr
0,,,,,TraesCS5B02G482400,PF10539,Dev_Cell_Death
0,,,,,TraesCS5B02G076800,PF00009,GTP_EFTU
1,,,,,TraesCS5B02G076800,PF03144,GTP_EFTU_D2
2,,,,,TraesCS5B02G076800,PF09173,eIF2_C
0,,,,,TraesCS1B02G124100,PF00582,Usp
0,,,,,TraesCS2D02G065500,PF00101,RuBisCO_small
1,,,,,TraesCS2D02G065500,PF12338,RbcS
0,,,,,TraesCS5A02G505000,PF00330,Aconitase
1,,,,,TraesCS5A02G505000,PF00694,Aconitase_C
0,,,,,TraesCS4A02G099100,PF16363,GDP_Man_Dehyd
0,,,,,TraesCS6A02G275200,PF00213,OSCP
0,,,,,TraesCS3A02G334500,PF08263,LRRNT_2
1,,,,,TraesCS3A02G334500,PF23598,LRR_14
0,,,,,TraesCS3A02G112600,PF00179,UQ_con
0,,,,,TraesCS6D02G147700,PF01597,GCV_H
0,,,,,TraesCS5B02G062300,PF00179,UQ_con
0,,,,,TraesCS4D02G080900,PF01667,Ribosomal_S27e
0,,,,,TraesCS6D02G065900,PF04752,ChaC
0,,,,,TraesCS3B02G521400,PF01210,NAD_Gly3P_dh_N
1,,,,,TraesCS3B02G521400,PF07479,NAD_Gly3P_dh_C
0,,,,,TraesCS4B02G260300,PF00025,Arf
0,,,,,TraesCS4A02G174700,PF03357,Snf7
0,,,,,TraesCS6A02G280000,PF00487,FA_desaturase
1,,,,,TraesCS6A02G280000,PF11960,DUF3474
0,,,,,TraesCS3B02G374500,PF00179,UQ_con
0,,,,,TraesCS6B02G116000,PF00125,Histone
0,,,,,TraesCS7D02G029700,PF03552,Cellulose_synt
1,,,,,TraesCS7D02G029700,PF14570,zf-RING_4
0,,,,,TraesCS4A02G392500,PF03386,ENOD93
0,,,,,TraesCS5A02G422400,PF07970,COPIIcoated_ERV
1,,,,,TraesCS5A02G422400,PF13850,ERGIC_N
0,,,,,TraesCS4D02G123000,PF00380,Ribosomal_S9
0,,,,,TraesCS7B02G406900,PF00400,WD40
1,,,,,TraesCS7B02G406900,PF00400,WD40
2,,,,,TraesCS7B02G406900,PF00400,WD40
3,,,,,TraesCS7B02G406900,PF00400,WD40
4,,,,,TraesCS7B02G406900,PF00400,WD40
5,,,,,TraesCS7B02G406900,PF00400,WD40
6,,,,,TraesCS7B02G406900,PF00400,WD40
0,,,,,TraesCS1D02G208600,PF00481,PP2C
0,,,,,TraesCS5D02G134200,PF06058,DCP1
0,,,,,TraesCS3D02G343800,PF01458,SUFBD
1,,,,,TraesCS3D02G343800,PF19295,SufBD_N
0,,,,,TraesCS6A02G230300,PF04628,Sedlin_N
0,,,,,TraesCS7A02G454800,PF00935,Ribosomal_L44
0,,,,,TraesCS3B02G378900,PF15511,CENP-T_C
0,,,,,TraesCS3B02G398200,PF07690,MFS_1
0,,,,,TraesCS3D02G446700,PF00168,C2
0,,,,,TraesCS6A02G390600,PF00501,AMP-binding
1,,,,,TraesCS6A02G390600,PF13193,AMP-binding_C
2,,,,,TraesCS6A02G390600,PF16177,ACAS_N
0,,,,,TraesCS3B02G368200,PF11891,RETICULATA-like
0,,,,,TraesCS5D02G131000,PF00400,WD40
1,,,,,TraesCS5D02G131000,PF00400,WD40
2,,,,,TraesCS5D02G131000,PF00400,WD40
3,,,,,TraesCS5D02G131000,PF00400,WD40
4,,,,,TraesCS5D02G131000,PF00400,WD40
5,,,,,TraesCS5D02G131000,PF00400,WD40
6,,,,,TraesCS5D02G131000,PF11816,DUF3337
0,,,,,TraesCS5B02G325800,PF13639,zf-RING_2
0,,,,,TraesCS5D02G556600,PF13738,Pyr_redox_3
0,,,,,TraesCS3B02G490600,PF00043,GST_C
1,,,,,TraesCS3B02G490600,PF02798,GST_N
0,,,,,TraesCS4A02G273600,PF04696,Pinin_SDK_memA
0,,,,,TraesCS4A02G398300,PF01564,Spermine_synth
1,,,,,TraesCS4A02G398300,PF17284,Spermine_synt_N
0,,,,,TraesCS7D02G409600,PF06094,GGACT
0,,,,,TraesCS4B02G191500,PF03227,GILT
0,,,,,TraesCS5A02G381200,PF03208,PRA1
0,,,,,TraesCS4D02G215700,PF10961,SelK_SelG
0,,,,,TraesCS6A02G067100,PF06487,SAP18
0,,,,,TraesCS3A02G204500,PF01650,Peptidase_C13
1,,,,,TraesCS3A02G204500,PF20985,Legum_prodom
0,,,,,TraesCS3D02G483400,PF03807,F420_oxidored
1,,,,,TraesCS3D02G483400,PF14748,P5CR_dimer
0,,,,,TraesCS3A02G175900,PF01423,LSM
0,,,,,TraesCS4D02G132900,PF01535,PPR
1,,,,,TraesCS4D02G132900,PF01535,PPR
2,,,,,TraesCS4D02G132900,PF13041,PPR_2
3,,,,,TraesCS4D02G132900,PF13041,PPR_2
4,,,,,TraesCS4D02G132900,PF13041,PPR_2
5,,,,,TraesCS4D02G132900,PF13041,PPR_2
0,,,,,TraesCS3B02G039000,PF20511,PMI_typeI_cat
1,,,,,TraesCS3B02G039000,PF20512,PMI_typeI_hel
0,,,,,TraesCS2B02G248100,PF01042,Ribonuc_L-PSP
0,,,,,TraesCS2A02G187200,PF00504,Chloroa_b-bind
0,,,,,TraesCS1A02G171400,PF06749,DUF1218
0,,,,,TraesCS7D02G230000,PF01161,PBP
0,,,,,TraesCS7B02G302400,PF00013,KH_1
1,,,,,TraesCS7B02G302400,PF00642,zf-CCCH
2,,,,,TraesCS7B02G302400,PF00642,zf-CCCH
3,,,,,TraesCS7B02G302400,PF00642,zf-CCCH
0,,,,,TraesCS4B02G297300,PF02560,Cyanate_lyase
0,,,,,TraesCS1D02G410100,PF00069,Pkinase
0,,,,,TraesCS4D02G040900,PF05721,PhyH
0,,,,,TraesCS4A02G339300,PF03031,NIF
0,,,,,TraesCS6B02G129800,PF00262,Calreticulin
0,,,,,TraesCS1A02G049700,PF00076,RRM_1
1,,,,,TraesCS1A02G049700,PF00098,zf-CCHC
2,,,,,TraesCS1A02G049700,PF00098,zf-CCHC
0,,,,,TraesCS7D02G332900,PF00118,Cpn60_TCP1
0,,,,,TraesCS4D02G039500,PF01237,Oxysterol_BP
1,,,,,TraesCS4D02G039500,PF15413,PH_11
0,,,,,TraesCS5A02G383700,PF01105,EMP24_GP25L
0,,,,,TraesCS2D02G348100,PF03650,MPC
0,,,,,TraesCS3D02G374200,PF00504,Chloroa_b-bind
0,,,,,TraesCS7B02G127000,PF16529,Ge1_WD40
1,,,,,TraesCS7B02G127000,PF21289,EDC4_C
0,,,,,TraesCS4B02G172300,PF08571,Yos1
0,,,,,TraesCS5B02G426400,PF13410,GST_C_2
1,,,,,TraesCS5B02G426400,PF13417,GST_N_3
0,,,,,TraesCS4D02G038700,PF12171,zf-C2H2_jaz
0,,,,,TraesCS3A02G267300,PF04719,TAFII28
0,,,,,TraesCS6A02G286300,PF03874,RNA_pol_Rpb4
0,,,,,TraesCS5A02G060800,PF00412,LIM
1,,,,,TraesCS5A02G060800,PF02809,UIM
2,,,,,TraesCS5A02G060800,PF12315,DA1-like
3,,,,,TraesCS5A02G060800,PF23625,UIM_2
0,,,,,TraesCS5A02G401700,PF00069,Pkinase
0,,,,,TraesCS2B02G517600,PF00450,Peptidase_S10
0,,,,,TraesCS1A02G106600,PF00582,Usp
0,,,,,TraesCS3D02G209500,PF00403,HMA
0,,,,,TraesCS7B02G062700,PF00125,Histone
0,,,,,TraesCS7B02G434300,PF00534,Glycos_transf_1
1,,,,,TraesCS7B02G434300,PF00862,Sucrose_synth
2,,,,,TraesCS7B02G434300,PF05116,S6PP
0,,,,,TraesCS5B02G078800,PF05542,DUF760
1,,,,,TraesCS5B02G078800,PF05542,DUF760
0,,,,,TraesCS3D02G329400,PF00249,Myb_DNA-binding
1,,,,,TraesCS3D02G329400,PF00249,Myb_DNA-binding
0,,,,,TraesCS1A02G311000,PF03151,TPT
0,,,,,TraesCS6D02G344400,PF15365,PNRC
0,,,,,TraesCS1D02G421300,PF00227,Proteasome
0,,,,,TraesCS3D02G066900,PF00587,tRNA-synt_2b
1,,,,,TraesCS3D02G066900,PF02824,TGS
2,,,,,TraesCS3D02G066900,PF03129,HGTP_anticodon
3,,,,,TraesCS3D02G066900,PF07973,tRNA_SAD
0,,,,,TraesCS7D02G504800,PF00234,Tryp_alpha_amyl
0,,,,,TraesCS5B02G463100,PF00504,Chloroa_b-bind
0,,,,,TraesCS4D02G158400,PF13639,zf-RING_2
0,,,,,TraesCS5A02G330400,PF00168,C2
1,,,,,TraesCS5A02G330400,PF00168,C2
2,,,,,TraesCS5A02G330400,PF17047,SMP_LBD
0,,,,,TraesCS2B02G332400,PF01423,LSM
0,,,,,TraesCS5D02G113400,PF01553,Acyltransferase
1,,,,,TraesCS5D02G113400,PF16076,Acyltransf_C
0,,,,,TraesCS4B02G249400,PF00234,Tryp_alpha_amyl
0,,,,,TraesCS3B02G152200,PF00043,GST_C
1,,,,,TraesCS3B02G152200,PF02798,GST_N
2,,,,,TraesCS3B02G152200,PF02798,GST_N
0,,,,,TraesCS2B02G416700,PF00067,p450
0,,,,,TraesCS1A02G093800,PF05755,REF
0,,,,,TraesCS2D02G571600,PF00187,Chitin_bind_1
0,,,,,TraesCS1B02G205600,PF19160,SPARK
0,,,,,TraesCS4D02G050600,PF00984,UDPG_MGDP_dh
1,,,,,TraesCS4D02G050600,PF03720,UDPG_MGDP_dh_C
2,,,,,TraesCS4D02G050600,PF03721,UDPG_MGDP_dh_N
0,,,,,TraesCS5B02G193200,PF00847,AP2
0,,,,,TraesCS1D02G035300,PF00023,Ank
1,,,,,TraesCS1D02G035300,PF12796,Ank_2
2,,,,,TraesCS1D02G035300,PF12796,Ank_2
0,,,,,TraesCS7B02G247000,PF00403,HMA
0,,,,,TraesCS2A02G583900,PF23596,DUF7138
0,,,,,TraesCS2D02G507200,PF06200,tify
1,,,,,TraesCS2D02G507200,PF09425,Jas_motif
0,,,,,TraesCS2D02G161300,PF07714,PK_Tyr_Ser-Thr
1,,,,,TraesCS2D02G161300,PF12796,Ank_2
0,,,,,TraesCS2D02G287300,PF02705,K_trans
1,,,,,TraesCS2D02G287300,PF22776,K_trans_C
0,,,,,TraesCS1D02G124300,PF02535,Zip
0,,,,,TraesCS5B02G039700,PF01158,Ribosomal_L36e
0,,,,,TraesCS4B02G210400,PF00534,Glycos_transf_1
0,,,,,TraesCS4A02G218200,PF01106,NifU
1,,,,,TraesCS4A02G218200,PF01106,NifU
0,,,,,TraesCS2B02G075300,PF01190,Pollen_Ole_e_1
0,,,,,TraesCS7A02G325900,PF14770,TMEM18
0,,,,,TraesCS7D02G350300,PF00004,AAA
1,,,,,TraesCS7D02G350300,PF16450,Prot_ATP_ID_OB_C
2,,,,,TraesCS7D02G350300,PF17862,AAA_lid_3
0,,,,,TraesCS1A02G286000,PF01217,Clat_adaptor_s
0,,,,,TraesCS1A02G249400,PF00514,Arm
1,,,,,TraesCS1A02G249400,PF00514,Arm
2,,,,,TraesCS1A02G249400,PF00514,Arm
3,,,,,TraesCS1A02G249400,PF00651,BTB
0,,,,,TraesCS2D02G413300,PF15511,CENP-T_C
0,,,,,TraesCS2D02G430500,PF00327,Ribosomal_L30
1,,,,,TraesCS2D02G430500,PF08079,Ribosomal_L30_N
0,,,,,TraesCS7D02G227300,PF00504,Chloroa_b-bind
0,,,,,TraesCS1B02G340600,PF00448,SRP54
1,,,,,TraesCS1B02G340600,PF02881,SRP54_N
2,,,,,TraesCS1B02G340600,PF02978,SRP_SPB
0,,,,,TraesCS1A02G247500,PF04782,DUF632
1,,,,,TraesCS1A02G247500,PF04783,DUF630
0,,,,,TraesCS7D02G194500,PF09439,SRPRB
0,,,,,TraesCS2D02G382300,PF05042,Caleosin
0,,,,,TraesCS5A02G499100,PF01357,Expansin_C
1,,,,,TraesCS5A02G499100,PF03330,DPBB_1
0,,,,,TraesCS3B02G254000,PF06017,Myosin_TH1
0,,,,,TraesCS6A02G279600,PF01073,3Beta_HSD
1,,,,,TraesCS6A02G279600,PF14934,TMEM254
0,,,,,TraesCS3B02G223000,PF02902,Peptidase_C48
0,,,,,TraesCS3D02G432500,PF13639,zf-RING_2
0,,,,,TraesCS5A02G279200,PF00010,HLH
0,,,,,TraesCS2D02G467300,PF01593,Amino_oxidase
0,,,,,TraesCS7A02G320500,PF00013,KH_1
1,,,,,TraesCS7A02G320500,PF00013,KH_1
0,,,,,TraesCS7D02G193000,PF01501,Glyco_transf_8
0,,,,,TraesCS2D02G414800,PF01277,Oleosin
0,,,,,TraesCS6D02G180700,PF05918,API5
1,,,,,TraesCS6D02G180700,PF05918,API5
0,,,,,TraesCS3A02G191900,PF13499,EF-hand_7
1,,,,,TraesCS3A02G191900,PF13833,EF-hand_8
0,,,,,TraesCS5A02G078000,PF00012,HSP70
0,,,,,TraesCS2D02G220400,PF00125,Histone
1,,,,,TraesCS2D02G220400,PF16211,Histone_H2A_C
0,,,,,TraesCS7B02G180500,PF00920,ILVD_EDD
0,,,,,TraesCS5B02G559500,PF01217,Clat_adaptor_s
0,,,,,TraesCS6B02G293000,PF23655,LYRM_2
0,,,,,TraesCS2B02G393400,PF00574,CLP_protease
0,,,,,TraesCS3D02G043500,PF00083,Sugar_tr
0,,,,,TraesCS6A02G185700,PF04535,CASP_dom
0,,,,,TraesCS3B02G437500,PF07724,AAA_2
1,,,,,TraesCS3B02G437500,PF10431,ClpB_D2-small
0,,,,,TraesCS1B02G219000,PF22099,MRS2-like
1,,,,,TraesCS1B02G219000,PF22099,MRS2-like
0,,,,,TraesCS3B02G579400,PF01823,MACPF
0,,,,,TraesCS5D02G152500,PF00173,Cyt-b5
0,,,,,TraesCS7A02G446100,PF12023,DUF3511
0,,,,,TraesCS7A02G068600,PF01596,Methyltransf_3
0,,,,,TraesCS6D02G380400,PF05180,zf-DNL
0,,,,,TraesCS5B02G389000,PF07714,PK_Tyr_Ser-Thr
0,,,,,TraesCS5A02G133200,PF00501,AMP-binding
0,,,,,TraesCS7D02G087800,PF03386,ENOD93
0,,,,,TraesCS5A02G118900,PF00004,AAA
1,,,,,TraesCS5A02G118900,PF02861,Clp_N
2,,,,,TraesCS5A02G118900,PF02861,Clp_N
3,,,,,TraesCS5A02G118900,PF07724,AAA_2
4,,,,,TraesCS5A02G118900,PF10431,ClpB_D2-small
5,,,,,TraesCS5A02G118900,PF17871,AAA_lid_9
0,,,,,TraesCS6D02G248100,PF00790,VHS
1,,,,,TraesCS6D02G248100,PF03127,GAT
0,,,,,TraesCS7D02G476700,PF05207,Zn_ribbon_CSL
0,,,,,TraesCS2A02G389200,PF13837,Myb_DNA-bind_4
1,,,,,TraesCS2A02G389200,PF13837,Myb_DNA-bind_4
0,,,,,TraesCS2B02G561500,PF12609,DUF3774
0,,,,,TraesCS2D02G212600,PF04144,SCAMP
0,,,,,TraesCS7B02G031800,PF14547,Hydrophob_seed
0,,,,,TraesCS6B02G033700,PF13738,Pyr_redox_3
0,,,,,TraesCS3A02G399000,PF00262,Calreticulin
1,,,,,TraesCS3A02G399000,PF00262,Calreticulin
0,,,,,TraesCS4B02G064200,PF00257,Dehydrin
1,,,,,TraesCS4B02G064200,PF00257,Dehydrin
0,,,,,TraesCS4D02G080700,PF01256,Carb_kinase
0,,,,,TraesCS2D02G237800,PF01248,Ribosomal_L7Ae
0,,,,,TraesCS6B02G307600,PF05811,DUF842
0,,,,,TraesCS2D02G275100,PF01201,Ribosomal_S8e
0,,,,,TraesCS4D02G066800,PF12689,Acid_PPase
1,,,,,TraesCS4D02G066800,PF12689,Acid_PPase
0,,,,,TraesCS4A02G007100,PF04227,Indigoidine_A
0,,,,,TraesCS1D02G077300,PF01424,R3H
1,,,,,TraesCS1D02G077300,PF01585,G-patch
2,,,,,TraesCS1D02G077300,PF01585,G-patch
0,,,,,TraesCS5A02G155200,PF03911,Sec61_beta
0,,,,,TraesCS3A02G053700,PF09174,Maf1
0,,,,,TraesCS4B02G097900,PF00403,HMA
0,,,,,TraesCS4B02G245500,PF01588,tRNA_bind
1,,,,,TraesCS4B02G245500,PF09334,tRNA-synt_1g
2,,,,,TraesCS4B02G245500,PF19303,Anticodon_3
0,,,,,TraesCS2B02G285200,PF09756,DDRGK
0,,,,,TraesCS5A02G009400,PF00274,Glycolytic
0,,,,,TraesCS4A02G495500,PF00076,RRM_1
1,,,,,TraesCS4A02G495500,PF00076,RRM_1
2,,,,,TraesCS4A02G495500,PF04059,RRM_2
0,,,,,TraesCS1D02G213500,PF06999,Suc_Fer-like
0,,,,,TraesCS7D02G103800,PF05129,Zn_ribbon_Elf1
0,,,,,TraesCS2D02G039500,PF00198,2-oxoacid_dh
1,,,,,TraesCS2D02G039500,PF00364,Biotin_lipoyl
0,,,,,TraesCS4A02G206900,PF00137,ATP-synt_C
1,,,,,TraesCS4A02G206900,PF00137,ATP-synt_C
0,,,,,TraesCS7A02G278300,PF00076,RRM_1
1,,,,,TraesCS7A02G278300,PF00076,RRM_1
0,,,,,TraesCS5A02G482700,PF02362,B3
0,,,,,TraesCS1D02G002300,PF02969,TAF
1,,,,,TraesCS1D02G002300,PF07571,TAF6_C
0,,,,,TraesCS3A02G376400,PF01014,Uricase
1,,,,,TraesCS3A02G376400,PF01014,Uricase
0,,,,,TraesCS7D02G466500,PF00085,Thioredoxin
0,,,,,TraesCS2A02G241100,PF05115,PetL
0,,,,,TraesCS6A02G244900,PF00067,p450
0,,,,,TraesCS6D02G183200,PF00311,PEPcase
0,,,,,TraesCS1B02G215800,PF00083,Sugar_tr
1,,,,,TraesCS1B02G215800,PF00083,Sugar_tr
0,,,,,TraesCS2D02G424100,PF02458,Transferase
0,,,,,TraesCS3A02G198700,PF02985,HEAT
0,,,,,TraesCS3B02G286200,PF00928,Adap_comp_sub
1,,,,,TraesCS3B02G286200,PF01217,Clat_adaptor_s
0,,,,,TraesCS7A02G227100,PF00504,Chloroa_b-bind
0,,,,,TraesCS2B02G603500,PF14541,TAXi_C
1,,,,,TraesCS2B02G603500,PF14543,TAXi_N
0,,,,,TraesCS4B02G139800,PF03931,Skp1_POZ
0,,,,,TraesCS1D02G157513,PF01535,PPR
1,,,,,TraesCS1D02G157513,PF12854,PPR_1
2,,,,,TraesCS1D02G157513,PF13041,PPR_2
0,,,,,TraesCS2B02G381600,PF00462,Glutaredoxin
0,,,,,TraesCS5B02G274500,PF01956,EMC3_TMCO1
0,,,,,TraesCS2B02G399400,PF04281,Tom22
0,,,,,TraesCS2B02G530500,PF00122,E1-E2_ATPase
1,,,,,TraesCS2B02G530500,PF00690,Cation_ATPase_N
2,,,,,TraesCS2B02G530500,PF00702,Hydrolase
0,,,,,TraesCS1D02G082900,PF00005,ABC_tran
1,,,,,TraesCS1D02G082900,PF00005,ABC_tran
2,,,,,TraesCS1D02G082900,PF00664,ABC_membrane
3,,,,,TraesCS1D02G082900,PF00664,ABC_membrane
0,,,,,TraesCS3A02G143600,PF20241,DUF6598
0,,,,,TraesCS3B02G473000,PF06127,Mpo1-like
0,,,,,TraesCS3A02G034500,PF00011,HSP20
0,,,,,TraesCS2A02G066100,PF01092,Ribosomal_S6e
0,,,,,TraesCS6D02G190100,PF01159,Ribosomal_L6e
0,,,,,TraesCS3D02G537500,PF02701,Zn_ribbon_Dof
0,,,,,TraesCS4D02G160800,PF01115,F_actin_cap_B
0,,,,,TraesCS7D02G466600,PF00240,ubiquitin
1,,,,,TraesCS7D02G466600,PF00240,ubiquitin
0,,,,,TraesCS2A02G495900,PF05983,Med7
0,,,,,TraesCS3A02G302100,PF00043,GST_C
1,,,,,TraesCS3A02G302100,PF02798,GST_N
0,,,,,TraesCS4A02G211700,PF01803,LIM_bind
0,,,,,TraesCS4A02G116800,PF00226,DnaJ
0,,,,,TraesCS6D02G105000,PF00270,DEAD
1,,,,,TraesCS6D02G105000,PF00271,Helicase_C
0,,,,,TraesCS7D02G169200,PF03439,Spt5-NGN
1,,,,,TraesCS7D02G169200,PF11942,Spt5_N
2,,,,,TraesCS7D02G169200,PF23037,KOWx_SPT5
3,,,,,TraesCS7D02G169200,PF23038,KOW6_SPT51-2
4,,,,,TraesCS7D02G169200,PF23042,KOW1_SPT5
5,,,,,TraesCS7D02G169200,PF23284,KOW2_Spt5
6,,,,,TraesCS7D02G169200,PF23287,KOW7_SPT5
7,,,,,TraesCS7D02G169200,PF23290,KOW5_SPT5
8,,,,,TraesCS7D02G169200,PF23291,KOW4_SPT5
0,,,,,TraesCS2A02G346200,PF01191,RNA_pol_Rpb5_C
1,,,,,TraesCS2A02G346200,PF03871,RNA_pol_Rpb5_N
0,,,,,TraesCS5D02G434300,PF02221,E1_DerP2_DerF2
0,,,,,TraesCS4D02G252100,PF00933,Glyco_hydro_3
1,,,,,TraesCS4D02G252100,PF01915,Glyco_hydro_3_C
2,,,,,TraesCS4D02G252100,PF14310,Fn3-like
0,,,,,TraesCS6B02G315100,PF05637,Glyco_transf_34
0,,,,,TraesCS4D02G066600,PF00571,CBS
1,,,,,TraesCS4D02G066600,PF00571,CBS
0,,,,,TraesCS6D02G085400,PF01040,UbiA
0,,,,,TraesCS3D02G095700,PF00234,Tryp_alpha_amyl
0,,,,,TraesCS3D02G292100,PF02362,B3
1,,,,,TraesCS3D02G292100,PF06507,Auxin_resp
0,,,,,TraesCS2D02G567100,PF00071,Ras
0,,,,,TraesCS6D02G174800,PF00069,Pkinase
0,,,,,TraesCS4A02G393500,PF00887,ACBP
0,,,,,TraesCS1B02G188000,PF00085,Thioredoxin
1,,,,,TraesCS1B02G188000,PF00462,Glutaredoxin
2,,,,,TraesCS1B02G188000,PF00462,Glutaredoxin
3,,,,,TraesCS1B02G188000,PF00462,Glutaredoxin
0,,,,,TraesCS2D02G235600,PF00620,RhoGAP
0,,,,,TraesCS4A02G107000,PF01679,Pmp3
0,,,,,TraesCS6A02G158200,PF00175,NAD_binding_1
1,,,,,TraesCS6A02G158200,PF00258,Flavodoxin_1
2,,,,,TraesCS6A02G158200,PF00667,FAD_binding_1
0,,,,,TraesCS6D02G324200,PF00847,AP2
0,,,,,TraesCS3D02G208200,PF03911,Sec61_beta
0,,,,,TraesCS1B02G342200,PF00587,tRNA-synt_2b
1,,,,,TraesCS1B02G342200,PF03129,HGTP_anticodon
2,,,,,TraesCS1B02G342200,PF09180,ProRS-C_1
0,,,,,TraesCS3B02G148300,PF01918,Alba
0,,,,,TraesCS5A02G393800,PF03669,ASTER
0,,,,,TraesCS3D02G166000,PF04832,SOUL
0,,,,,TraesCS1B02G384400,PF04043,PMEI
0,,,,,TraesCS1D02G273100,PF00170,bZIP_1
0,,,,,TraesCS2A02G508900,PF00389,2-Hacid_dh
1,,,,,TraesCS2A02G508900,PF01842,ACT
2,,,,,TraesCS2A02G508900,PF02826,2-Hacid_dh_C
3,,,,,TraesCS2A02G508900,PF19304,PGDH_inter
0,,,,,TraesCS2A02G379800,PF00230,MIP
0,,,,,TraesCS5B02G571300,PF03194,LUC7
0,,,,,TraesCS1A02G429400,PF03661,TMEM33_Pom33
0,,,,,TraesCS6D02G204800,PF00156,Pribosyltran
0,,,,,TraesCS2B02G119700,PF03552,Cellulose_synt
1,,,,,TraesCS2B02G119700,PF14569,zf-UDP
0,,,,,TraesCS5D02G319300,PF00240,ubiquitin
1,,,,,TraesCS5D02G319300,PF02179,BAG
0,,,,,TraesCS6B02G237400,PF13365,Trypsin_2
0,,,,,TraesCS1A02G103600,PF16499,Melibiase_2
1,,,,,TraesCS1A02G103600,PF17801,Melibiase_C
0,,,,,TraesCS7D02G292300,PF02990,EMP70
0,,,,,TraesCS2B02G354400,PF01179,Cu_amine_oxid
1,,,,,TraesCS2B02G354400,PF02728,Cu_amine_oxidN3
0,,,,,TraesCS3D02G079200,PF00059,Lectin_C
1,,,,,TraesCS3D02G079200,PF07714,PK_Tyr_Ser-Thr
0,,,,,TraesCS3D02G216000,PF09405,Btz
0,,,,,TraesCS6A02G176400,PF00641,Zn_ribbon_RanBP
1,,,,,TraesCS6A02G176400,PF00641,Zn_ribbon_RanBP
0,,,,,TraesCS4B02G139600,PF00153,Mito_carr
1,,,,,TraesCS4B02G139600,PF00153,Mito_carr
2,,,,,TraesCS4B02G139600,PF00153,Mito_carr
0,,,,,TraesCS6B02G342400,PF01597,GCV_H
0,,,,,TraesCS1B02G101700,PF13920,zf-C3HC4_3
1,,,,,TraesCS1B02G101700,PF20235,PIR2-like_helical
0,,,,,TraesCS3B02G080300,PF13516,LRR_6
1,,,,,TraesCS3B02G080300,PF13516,LRR_6
0,,,,,TraesCS5D02G138800,PF00224,PK
1,,,,,TraesCS5D02G138800,PF02887,PK_C
0,,,,,TraesCS7D02G228600,PF02330,MAM33
0,,,,,TraesCS4A02G125600,PF04146,YTH
0,,,,,TraesCS3A02G073000,PF03061,4HBT
0,,,,,TraesCS5D02G211400,PF00538,Linker_histone
1,,,,,TraesCS5D02G211400,PF02178,AT_hook
2,,,,,TraesCS5D02G211400,PF02178,AT_hook
3,,,,,TraesCS5D02G211400,PF02178,AT_hook
4,,,,,TraesCS5D02G211400,PF02178,AT_hook
0,,,,,TraesCS4A02G339800,PF03407,Nucleotid_trans
0,,,,,TraesCS6A02G222800,PF00221,Lyase_aromatic
0,,,,,TraesCS2A02G404100,PF00505,HMG_box
0,,,,,TraesCS2B02G385200,PF05042,Caleosin
0,,,,,TraesCS4A02G276200,PF00583,Acetyltransf_1
0,,,,,TraesCS2A02G284200,PF00226,DnaJ
1,,,,,TraesCS2A02G284200,PF11926,DUF3444
2,,,,,TraesCS2A02G284200,PF23551,Zn_ribbon_20
0,,,,,TraesCS3D02G442000,PF02309,AUX_IAA
1,,,,,TraesCS3D02G442000,PF02309,AUX_IAA
2,,,,,TraesCS3D02G442000,PF02362,B3
3,,,,,TraesCS3D02G442000,PF06507,Auxin_resp
0,,,,,TraesCS4D02G118900,PF00234,Tryp_alpha_amyl
0,,,,,TraesCS3D02G365600,PF00687,Ribosomal_L1
0,,,,,TraesCS5A02G515400,PF00179,UQ_con
0,,,,,TraesCS2B02G606000,PF00304,Gamma-thionin
0,,,,,TraesCS6D02G356100,PF00085,Thioredoxin
1,,,,,TraesCS6D02G356100,PF00085,Thioredoxin
0,,,,,TraesCS6D02G150400,PF00542,Ribosomal_L12
0,,,,,TraesCS6B02G185100,PF07762,DUF1618
0,,,,,TraesCS7B02G065200,PF00578,AhpC-TSA
1,,,,,TraesCS7B02G065200,PF05421,DUF751
0,,,,,TraesCS3D02G251300,PF00400,WD40
1,,,,,TraesCS3D02G251300,PF00400,WD40
2,,,,,TraesCS3D02G251300,PF00400,WD40
3,,,,,TraesCS3D02G251300,PF00400,WD40
4,,,,,TraesCS3D02G251300,PF12265,CAF1C_H4-bd
0,,,,,TraesCS5A02G292700,PF05018,CFA20_dom
0,,,,,TraesCS4D02G226100,PF08392,FAE1_CUT1_RppA
1,,,,,TraesCS4D02G226100,PF08541,ACP_syn_III_C
0,,,,,TraesCS1B02G229900,PF00013,KH_1
1,,,,,TraesCS1B02G229900,PF00013,KH_1
2,,,,,TraesCS1B02G229900,PF00013,KH_1
0,,,,,TraesCS3D02G399200,PF07724,AAA_2
1,,,,,TraesCS3D02G399200,PF10431,ClpB_D2-small
0,,,,,TraesCS7D02G016900,PF01466,Skp1
1,,,,,TraesCS7D02G016900,PF03931,Skp1_POZ
0,,,,,TraesCS7B02G176100,PF00076,RRM_1
1,,,,,TraesCS7B02G176100,PF00076,RRM_1
0,,,,,TraesCS5B02G378600,PF10241,KxDL
0,,,,,TraesCS5A02G185800,PF00173,Cyt-b5
0,,,,,TraesCS6A02G048900,PF00234,Tryp_alpha_amyl
0,,,,,TraesCS6B02G313100,PF00400,WD40
0,,,,,TraesCS1D02G172100,PF15938,DUF4750
0,,,,,TraesCS2D02G248000,PF00179,UQ_con
0,,,,,TraesCS1A02G273000,PF00170,bZIP_1
0,,,,,TraesCS7B02G408400,PF00125,Histone
1,,,,,TraesCS7B02G408400,PF16211,Histone_H2A_C
0,,,,,TraesCS7B02G050100,PF00176,SNF2-rel_dom
1,,,,,TraesCS7B02G050100,PF00271,Helicase_C
2,,,,,TraesCS7B02G050100,PF00385,Chromo
3,,,,,TraesCS7B02G050100,PF00385,Chromo
4,,,,,TraesCS7B02G050100,PF06461,CHDII_SANT-like
5,,,,,TraesCS7B02G050100,PF06461,CHDII_SANT-like
6,,,,,TraesCS7B02G050100,PF06465,DUF1087
0,,,,,TraesCS3A02G228800,PF01602,Adaptin_N
1,,,,,TraesCS3A02G228800,PF09066,B2-adapt-app_C
0,,,,,TraesCS5A02G434200,PF00416,Ribosomal_S13
0,,,,,TraesCS4D02G298000,PF00318,Ribosomal_S2
1,,,,,TraesCS4D02G298000,PF00318,Ribosomal_S2
0,,,,,TraesCS1B02G235800,PF04852,ALOG_dom
0,,,,,TraesCS3B02G149200,PF13259,clamp_Gag1-like
0,,,,,TraesCS2B02G191100,PF00025,Arf
0,,,,,TraesCS5A02G408800,PF00258,Flavodoxin_1
1,,,,,TraesCS5A02G408800,PF04055,Radical_SAM
2,,,,,TraesCS5A02G408800,PF08608,Wyosine_form
0,,,,,TraesCS4A02G009600,PF20680,DUF6817
0,,,,,TraesCS7D02G294800,PF00335,Tetraspanin
0,,,,,TraesCS1A02G168900,PF00085,Thioredoxin
1,,,,,TraesCS1A02G168900,PF00462,Glutaredoxin
2,,,,,TraesCS1A02G168900,PF00462,Glutaredoxin
3,,,,,TraesCS1A02G168900,PF00462,Glutaredoxin
0,,,,,TraesCS3B02G077900,PF00719,Pyrophosphatase
0,,,,,TraesCS7D02G185100,PF00304,Gamma-thionin
0,,,,,TraesCS5A02G282700,PF03171,2OG-FeII_Oxy
1,,,,,TraesCS5A02G282700,PF14226,DIOX_N
0,,,,,TraesCS7B02G184100,PF04969,CS
0,,,,,TraesCS4D02G084200,PF05383,La
1,,,,,TraesCS4D02G084200,PF07145,PAM2
0,,,,,TraesCS4D02G342600,PF00141,peroxidase
0,,,,,TraesCS2D02G493600,PF00464,SHMT
0,,,,,TraesCS4D02G249500,PF00560,LRR_1
1,,,,,TraesCS4D02G249500,PF00560,LRR_1
2,,,,,TraesCS4D02G249500,PF23598,LRR_14
0,,,,,TraesCS5A02G535400,PF14547,Hydrophob_seed
0,,,,,TraesCS7B02G052700,PF01370,Epimerase
0,,,,,TraesCS3D02G140800,PF00467,KOW
1,,,,,TraesCS3D02G140800,PF16906,Ribosomal_L26
0,,,,,TraesCS5B02G461300,PF00327,Ribosomal_L30
1,,,,,TraesCS5B02G461300,PF08079,Ribosomal_L30_N
0,,,,,TraesCS3A02G419100,PF01926,MMR_HSR1
1,,,,,TraesCS3A02G419100,PF06071,YchF-GTPase_C
0,,,,,TraesCS5A02G288300,PF01105,EMP24_GP25L
0,,,,,TraesCS6A02G344000,PF03435,Sacchrp_dh_NADP
1,,,,,TraesCS6A02G344000,PF04455,Saccharop_dh_N
2,,,,,TraesCS6A02G344000,PF05222,AlaDh_PNT_N
3,,,,,TraesCS6A02G344000,PF16653,Sacchrp_dh_C
0,,,,,TraesCS5B02G385000,PF03208,PRA1
0,,,,,TraesCS6A02G263800,PF00928,Adap_comp_sub
0,,,,,TraesCS3A02G509300,PF01781,Ribosomal_L38e
0,,,,,TraesCS3A02G329000,PF20241,DUF6598
0,,,,,TraesCS4B02G067800,PF12689,Acid_PPase
1,,,,,TraesCS4B02G067800,PF12689,Acid_PPase
0,,,,,TraesCS5D02G453400,PF03080,Neprosin
0,,,,,TraesCS1B02G280700,PF07946,CCDC47
0,,,,,TraesCS5D02G070800,PF00155,Aminotran_1_2
0,,,,,TraesCS7A02G276400,PF00504,Chloroa_b-bind
0,,,,,TraesCS2D02G507900,PF02265,S1-P1_nuclease
0,,,,,TraesCS2D02G229100,PF00069,Pkinase
1,,,,,TraesCS2D02G229100,PF13499,EF-hand_7
2,,,,,TraesCS2D02G229100,PF13499,EF-hand_7
0,,,,,TraesCS2D02G081900,PF00141,peroxidase
0,,,,,TraesCS3B02G221800,PF00285,Citrate_synt
1,,,,,TraesCS3B02G221800,PF00549,Ligase_CoA
0,,,,,TraesCS7B02G065500,PF00109,ketoacyl-synt
1,,,,,TraesCS7B02G065500,PF02801,Ketoacyl-synt_C
0,,,,,TraesCS6A02G165600,PF01926,MMR_HSR1
1,,,,,TraesCS6A02G165600,PF08153,NGP1NT
0,,,,,TraesCS5B02G165900,PF06747,CHCH
0,,,,,TraesCS3A02G006000,PF04043,PMEI
0,,,,,TraesCS4B02G220700,PF13920,zf-C3HC4_3
0,,,,,TraesCS4D02G185400,PF02672,CP12
0,,,,,TraesCS2B02G313700,PF00578,AhpC-TSA
1,,,,,TraesCS2B02G313700,PF10417,1-cysPrx_C
0,,,,,TraesCS7B02G279500,PF06886,TPX2
0,,,,,TraesCS1A02G274300,PF00125,Histone
0,,,,,TraesCS7D02G220300,PF06203,CCT
1,,,,,TraesCS7D02G220300,PF22586,ANCHR-like_BBOX
0,,,,,TraesCS7B02G207300,PF21864,MORF_dom
0,,,,,TraesCS4B02G039200,PF08576,DUF1764
0,,,,,TraesCS1D02G133700,PF00335,Tetraspanin
0,,,,,TraesCS6D02G167500,PF00641,Zn_ribbon_RanBP
1,,,,,TraesCS6D02G167500,PF00641,Zn_ribbon_RanBP
2,,,,,TraesCS6D02G167500,PF00641,Zn_ribbon_RanBP
0,,,,,TraesCS1D02G370800,PF00295,Glyco_hydro_28
0,,,,,TraesCS7D02G025400,PF04043,PMEI
0,,,,,TraesCS1B02G369000,PF04718,ATP-synt_G
0,,,,,TraesCS7D02G284400,PF04969,CS
0,,,,,TraesCS3A02G224200,PF11331,Zn_ribbon_12
0,,,,,TraesCS5A02G266400,PF03735,ENT
0,,,,,TraesCS7A02G003100,PF00076,RRM_1
1,,,,,TraesCS7A02G003100,PF00076,RRM_1
2,,,,,TraesCS7A02G003100,PF04059,RRM_2
0,,,,,TraesCS4A02G356200,PF00111,Fer2
0,,,,,TraesCS6B02G284000,PF00173,Cyt-b5
0,,,,,TraesCS6A02G297800,PF01190,Pollen_Ole_e_1
0,,,,,TraesCS4B02G296400,PF12697,Abhydrolase_6
0,,,,,TraesCS2B02G420500,PF04061,ORMDL
0,,,,,TraesCS2D02G036800,PF08623,TIP120
0,,,,,TraesCS7A02G009400,PF00251,Glyco_hydro_32N
1,,,,,TraesCS7A02G009400,PF08244,Glyco_hydro_32C
0,,,,,TraesCS6B02G293300,PF00240,ubiquitin
1,,,,,TraesCS6B02G293300,PF00240,ubiquitin
2,,,,,TraesCS6B02G293300,PF00240,ubiquitin
3,,,,,TraesCS6B02G293300,PF00240,ubiquitin
0,,,,,TraesCS5B02G274800,PF00646,F-box
0,,,,,TraesCS6B02G151600,PF07227,PHD_Oberon
1,,,,,TraesCS6B02G151600,PF23380,VIN3_C
0,,,,,TraesCS7A02G406200,PF04424,MINDY_DUB
0,,,,,TraesCS2D02G172100,PF00928,Adap_comp_sub
0,,,,,TraesCS5D02G299000,PF02779,Transket_pyr
1,,,,,TraesCS5D02G299000,PF02780,Transketolase_C
0,,,,,TraesCS5D02G489900,PF12861,zf-ANAPC11
0,,,,,TraesCS7D02G380900,PF00069,Pkinase
0,,,,,TraesCS5A02G214400,PF01409,tRNA-synt_2d
1,,,,,TraesCS5A02G214400,PF18553,PheRS_DBD3
0,,,,,TraesCS7A02G035500,PF13016,Gliadin
0,,,,,TraesCS4A02G315500,PF00118,Cpn60_TCP1
0,,,,,TraesCS6D02G310700,PF03171,2OG-FeII_Oxy
1,,,,,TraesCS6D02G310700,PF14226,DIOX_N
0,,,,,TraesCS5A02G467200,PF00444,Ribosomal_L36
0,,,,,TraesCS3A02G306700,PF00311,PEPcase
0,,,,,TraesCS1B02G080300,PF01679,Pmp3
0,,,,,TraesCS3B02G407400,PF00787,PX
1,,,,,TraesCS3B02G407400,PF09325,Vps5
0,,,,,TraesCS6D02G092600,PF08243,SPT2
0,,,,,TraesCS5A02G030500,PF02970,TBCA
0,,,,,TraesCS6D02G195300,PF01399,PCI
1,,,,,TraesCS6D02G195300,PF10602,RPN7
2,,,,,TraesCS6D02G195300,PF21154,RPN7_PSMD6_C
0,,,,,TraesCS2A02G012200,PF04810,zf-Sec23_Sec24
1,,,,,TraesCS2A02G012200,PF04811,Sec23_trunk
2,,,,,TraesCS2A02G012200,PF04815,Sec23_helical
3,,,,,TraesCS2A02G012200,PF08033,Sec23_BS
0,,,,,TraesCS6B02G099300,PF02190,LON_substr_bdg
0,,,,,TraesCS6B02G301900,PF12678,zf-rbx1
0,,,,,TraesCS3D02G179300,PF00025,Arf
0,,,,,TraesCS5D02G100700,PF00170,bZIP_1
0,,,,,TraesCS1D02G445200,PF13837,Myb_DNA-bind_4
0,,,,,TraesCS7B02G290600,PF00657,Lipase_GDSL
0,,,,,TraesCS3D02G431800,PF06127,Mpo1-like
0,,,,,TraesCS4A02G128000,PF04782,DUF632
1,,,,,TraesCS4A02G128000,PF04783,DUF630
0,,,,,TraesCS4B02G025600,PF00076,RRM_1
0,,,,,TraesCS6D02G067500,PF00098,zf-CCHC
1,,,,,TraesCS6D02G067500,PF00098,zf-CCHC
2,,,,,TraesCS6D02G067500,PF00098,zf-CCHC
3,,,,,TraesCS6D02G067500,PF00313,CSD
0,,,,,TraesCS1A02G445700,PF17800,NPL
0,,,,,TraesCS5A02G513600,PF00295,Glyco_hydro_28
0,,,,,TraesCS2A02G423900,PF12708,Pect-lyase_RHGA_epim
0,,,,,TraesCS1B02G118000,PF00888,Cullin
1,,,,,TraesCS1B02G118000,PF10557,Cullin_Nedd8
0,,,,,TraesCS2D02G102100,PF03552,Cellulose_synt
1,,,,,TraesCS2D02G102100,PF14569,zf-UDP
0,,,,,TraesCS3A02G161300,PF03151,TPT
0,,,,,TraesCS2D02G497400,PF00994,MoCF_biosynth
1,,,,,TraesCS2D02G497400,PF00994,MoCF_biosynth
2,,,,,TraesCS2D02G497400,PF03453,MoeA_N
3,,,,,TraesCS2D02G497400,PF03454,MoeA_C
0,,,,,TraesCS4A02G289300,PF00076,RRM_1
0,,,,,TraesCS5D02G110200,PF00515,TPR_1
1,,,,,TraesCS5D02G110200,PF12796,Ank_2
2,,,,,TraesCS5D02G110200,PF12796,Ank_2
3,,,,,TraesCS5D02G110200,PF12796,Ank_2
0,,,,,TraesCS4B02G015900,PF00903,Glyoxalase
0,,,,,TraesCS4D02G288100,PF07762,DUF1618
0,,,,,TraesCS4A02G089100,PF10961,SelK_SelG
0,,,,,TraesCS2D02G504900,PF02798,GST_N
1,,,,,TraesCS2D02G504900,PF13410,GST_C_2
0,,,,,TraesCS1B02G435700,PF00083,Sugar_tr
0,,,,,TraesCS2B02G369000,PF00182,Glyco_hydro_19
1,,,,,TraesCS2B02G369000,PF00182,Glyco_hydro_19
2,,,,,TraesCS2B02G369000,PF00187,Chitin_bind_1
0,,,,,TraesCS6A02G063200,PF06026,Rib_5-P_isom_A
0,,,,,TraesCS3D02G146800,PF00657,Lipase_GDSL
0,,,,,TraesCS7D02G324800,PF00957,Synaptobrevin
1,,,,,TraesCS7D02G324800,PF13774,Longin
0,,,,,TraesCS3D02G231600,PF03468,XS
1,,,,,TraesCS3D02G231600,PF03469,XH
0,,,,,TraesCS3B02G068000,PF00244,14-3-3
0,,,,,TraesCS4A02G367400,PF03168,LEA_2
0,,,,,TraesCS5A02G353600,PF15511,CENP-T_C
0,,,,,TraesCS4A02G100400,PF00125,Histone
1,,,,,TraesCS4A02G100400,PF16211,Histone_H2A_C
0,,,,,TraesCS4A02G418200,PF00534,Glycos_transf_1
1,,,,,TraesCS4A02G418200,PF08323,Glyco_transf_5
0,,,,,TraesCS4D02G186300,PF00206,Lyase_1
1,,,,,TraesCS4D02G186300,PF14698,ASL_C2
0,,,,,TraesCS5D02G417000,PF00253,Ribosomal_S14
0,,,,,TraesCS2B02G312600,PF22832,PsaO_TMD
0,,,,,TraesCS3A02G417000,PF05817,Ribophorin_II
1,,,,,TraesCS3A02G417000,PF23860,Ribophorin_II_3rd
2,,,,,TraesCS3A02G417000,PF23861,Ribophorin_II_2nd
0,,,,,TraesCS2D02G370800,PF00230,MIP
0,,,,,TraesCS7D02G038800,PF06749,DUF1218
0,,,,,TraesCS3B02G497300,PF00888,Cullin
0,,,,,TraesCS7D02G500900,PF00564,PB1
1,,,,,TraesCS7D02G500900,PF07714,PK_Tyr_Ser-Thr
0,,,,,TraesCS4D02G184900,PF03059,NAS
0,,,,,TraesCS7D02G328600,PF02207,zf-UBR
0,,,,,TraesCS3A02G407700,PF13516,LRR_6
1,,,,,TraesCS3A02G407700,PF24758,LRR_At5g56370
0,,,,,TraesCS7A02G293400,PF00462,Glutaredoxin
0,,,,,TraesCS1D02G325300,PF07719,TPR_2
1,,,,,TraesCS1D02G325300,PF13181,TPR_8
0,,,,,TraesCS7A02G243900,PF03009,GDPD
1,,,,,TraesCS7A02G243900,PF03009,GDPD
0,,,,,TraesCS2D02G567600,PF05653,Mg_trans_NIPA
0,,,,,TraesCS3D02G344000,PF00097,zf-C3HC4
0,,,,,TraesCS6D02G293200,PF00319,SRF-TF
1,,,,,TraesCS6D02G293200,PF01486,K-box
0,,,,,TraesCS5D02G177100,PF01564,Spermine_synth
1,,,,,TraesCS5D02G177100,PF17284,Spermine_synt_N
0,,,,,TraesCS2A02G234200,PF01512,Complex1_51K
1,,,,,TraesCS2A02G234200,PF10589,NADH_4Fe-4S
2,,,,,TraesCS2A02G234200,PF22461,SLBB_2
0,,,,,TraesCS5D02G531200,PF07714,PK_Tyr_Ser-Thr
0,,,,,TraesCS4B02G151800,PF00069,Pkinase
0,,,,,TraesCS5D02G032100,PF07762,DUF1618
0,,,,,TraesCS7B02G263000,PF20100,DUF6490
0,,,,,TraesCS1D02G252100,PF01641,SelR
0,,,,,TraesCS3D02G124400,PF00005,ABC_tran
1,,,,,TraesCS3D02G124400,PF00005,ABC_tran
2,,,,,TraesCS3D02G124400,PF01061,ABC2_membrane
3,,,,,TraesCS3D02G124400,PF01061,ABC2_membrane
4,,,,,TraesCS3D02G124400,PF08370,PDR_assoc
5,,,,,TraesCS3D02G124400,PF14510,ABC_trans_N
6,,,,,TraesCS3D02G124400,PF19055,ABC2_membrane_7
0,,,,,TraesCS3D02G039400,PF14541,TAXi_C
1,,,,,TraesCS3D02G039400,PF14543,TAXi_N
0,,,,,TraesCS6B02G144500,PF01851,PC_rep
1,,,,,TraesCS6B02G144500,PF01851,PC_rep
2,,,,,TraesCS6B02G144500,PF01851,PC_rep
3,,,,,TraesCS6B02G144500,PF01851,PC_rep
4,,,,,TraesCS6B02G144500,PF17781,RPN1_RPN2_N
5,,,,,TraesCS6B02G144500,PF18051,RPN1_C
0,,,,,TraesCS2A02G098200,PF03959,FSH1
0,,,,,TraesCS4D02G267900,PF00071,Ras
0,,,,,TraesCS4B02G212600,PF00412,LIM
1,,,,,TraesCS4B02G212600,PF00412,LIM
0,,,,,TraesCS3A02G323100,PF00069,Pkinase
1,,,,,TraesCS3A02G323100,PF24289,DUF7477
0,,,,,TraesCS2A02G331600,PF00071,Ras
0,,,,,TraesCS7A02G438700,PF20241,DUF6598
0,,,,,TraesCS3A02G035400,PF00011,HSP20
0,,,,,TraesCS5A02G048900,PF06943,zf-LSD1
1,,,,,TraesCS5A02G048900,PF06943,zf-LSD1
2,,,,,TraesCS5A02G048900,PF06943,zf-LSD1
0,,,,,TraesCS6A02G219400,PF08132,AdoMetDC_leader
0,,,,,TraesCS2A02G168500,PF00109,ketoacyl-synt
1,,,,,TraesCS2A02G168500,PF02801,Ketoacyl-synt_C
0,,,,,TraesCS1A02G014000,PF00304,Gamma-thionin
0,,,,,TraesCS2B02G171400,PF00166,Cpn10
0,,,,,TraesCS6B02G248300,PF03083,MtN3_slv
1,,,,,TraesCS6B02G248300,PF03083,MtN3_slv
0,,,,,TraesCS1A02G215600,PF00656,Peptidase_C14
1,,,,,TraesCS1A02G215600,PF06943,zf-LSD1
0,,,,,TraesCS6A02G314100,PF00254,FKBP_C
0,,,,,TraesCS7A02G370500,PF16113,ECH_2
0,,,,,TraesCS6D02G030400,PF13424,TPR_12
1,,,,,TraesCS6D02G030400,PF13424,TPR_12
2,,,,,TraesCS6D02G030400,PF13424,TPR_12
3,,,,,TraesCS6D02G030400,PF13424,TPR_12
0,,,,,TraesCS5B02G166800,PF00650,CRAL_TRIO
1,,,,,TraesCS5B02G166800,PF03765,CRAL_TRIO_N
0,,,,,TraesCS5D02G479900,PF00160,Pro_isomerase
0,,,,,TraesCS6B02G425700,PF00107,ADH_zinc_N
1,,,,,TraesCS6B02G425700,PF08240,ADH_N
0,,,,,TraesCS7D02G326500,PF05623,DUF789
0,,,,,TraesCS1B02G377000,PF00956,NAP
0,,,,,TraesCS3B02G149300,PF00270,DEAD
1,,,,,TraesCS3B02G149300,PF00271,Helicase_C
0,,,,,TraesCS5D02G465400,PF00149,Metallophos
0,,,,,TraesCS2A02G083300,PF00009,GTP_EFTU
1,,,,,TraesCS2A02G083300,PF03144,GTP_EFTU_D2
2,,,,,TraesCS2A02G083300,PF22594,GTP-eEF1A_C
0,,,,,TraesCS6D02G033200,PF01907,Ribosomal_L37e
0,,,,,TraesCS5A02G152400,PF00210,Ferritin
0,,,,,TraesCS6A02G154600,PF00170,bZIP_1
0,,,,,TraesCS2D02G210300,PF12609,DUF3774
0,,,,,TraesCS6B02G186400,PF01597,GCV_H
0,,,,,TraesCS4A02G066900,PF01055,Glyco_hydro_31_2nd
1,,,,,TraesCS4A02G066900,PF13802,Gal_mutarotas_2
2,,,,,TraesCS4A02G066900,PF17137,DUF5110
3,,,,,TraesCS4A02G066900,PF21365,Glyco_hydro_31_3rd
0,,,,,TraesCS2B02G182600,PF03556,Cullin_binding
0,,,,,TraesCS7D02G191200,PF03647,Tmemb_14
0,,,,,TraesCS5D02G108500,PF01676,Metalloenzyme
1,,,,,TraesCS5D02G108500,PF01676,Metalloenzyme
2,,,,,TraesCS5D02G108500,PF10143,PhosphMutase
0,,,,,TraesCS4A02G166700,PF23156,DUF7054
0,,,,,TraesCS1A02G263300,PF00034,Cytochrom_C
0,,,,,TraesCS1A02G005800,PF00076,RRM_1
1,,,,,TraesCS1A02G005800,PF04059,RRM_2
2,,,,,TraesCS1A02G005800,PF13893,RRM_5
0,,,,,TraesCS2B02G129600,PF16363,GDP_Man_Dehyd
0,,,,,TraesCS3D02G523300,PF00124,Photo_RC
0,,,,,TraesCS5B02G320300,PF00935,Ribosomal_L44
0,,,,,TraesCS5B02G154400,PF00117,GATase
1,,,,,TraesCS5B02G154400,PF00988,CPSase_sm_chain
0,,,,,TraesCS3D02G056600,PF00071,Ras
0,,,,,TraesCS1D02G158700,PF02966,DIM1
0,,,,,TraesCS5D02G019700,PF00056,Ldh_1_N
1,,,,,TraesCS5D02G019700,PF02866,Ldh_1_C
0,,,,,TraesCS6D02G061700,PF15511,CENP-T_C
0,,,,,TraesCS6D02G308100,PF13832,zf-HC5HC2H_2
1,,,,,TraesCS6D02G308100,PF13832,zf-HC5HC2H_2
0,,,,,TraesCS2A02G540400,PF03171,2OG-FeII_Oxy
1,,,,,TraesCS2A02G540400,PF14226,DIOX_N
0,,,,,TraesCS2A02G193100,PF20241,DUF6598
0,,,,,TraesCS7B02G471400,PF00182,Glyco_hydro_19
0,,,,,TraesCS6D02G064200,PF00251,Glyco_hydro_32N
1,,,,,TraesCS6D02G064200,PF08244,Glyco_hydro_32C
0,,,,,TraesCS1B02G447500,PF04695,Pex14_N
1,,,,,TraesCS1B02G447500,PF17733,DUF5572
0,,,,,TraesCS4D02G057100,PF05770,Ins134_P3_kin
1,,,,,TraesCS4D02G057100,PF17927,Ins134_P3_kin_N
0,,,,,TraesCS5A02G524400,PF05648,PEX11
0,,,,,TraesCS1A02G251100,PF00657,Lipase_GDSL
0,,,,,TraesCS3A02G426400,PF13923,zf-C3HC4_2
0,,,,,TraesCS7A02G312600,PF02681,DUF212
0,,,,,TraesCS1B02G130200,PF00076,RRM_1
1,,,,,TraesCS1B02G130200,PF00098,zf-CCHC
2,,,,,TraesCS1B02G130200,PF00098,zf-CCHC
0,,,,,TraesCS1A02G153100,PF00732,GMC_oxred_N
1,,,,,TraesCS1A02G153100,PF05199,GMC_oxred_C
2,,,,,TraesCS1A02G153100,PF13450,NAD_binding_8
0,,,,,TraesCS7A02G283500,PF16987,KIX_2
1,,,,,TraesCS7A02G283500,PF21539,Med15_C
0,,,,,TraesCS2D02G355200,PF20168,PDS5
0,,,,,TraesCS2A02G035100,PF02672,CP12
0,,,,,TraesCS2A02G581500,PF16845,SQAPI
0,,,,,TraesCS4D02G015600,PF00314,Thaumatin
0,,,,,TraesCS5D02G142100,PF04177,TAP42
0,,,,,TraesCS2B02G077300,PF00782,DSPc
1,,,,,TraesCS2B02G077300,PF01331,mRNA_cap_enzyme
2,,,,,TraesCS2B02G077300,PF03919,mRNA_cap_C
0,,,,,TraesCS7D02G300200,PF00579,tRNA-synt_1b
0,,,,,TraesCS2D02G586900,PF16845,SQAPI
0,,,,,TraesCS1D02G325500,PF03439,Spt5-NGN
1,,,,,TraesCS1D02G325500,PF23037,KOWx_SPT5
2,,,,,TraesCS1D02G325500,PF23042,KOW1_SPT5
3,,,,,TraesCS1D02G325500,PF23291,KOW4_SPT5
0,,,,,TraesCS1A02G442500,PF00004,AAA
1,,,,,TraesCS1A02G442500,PF01434,Peptidase_M41
2,,,,,TraesCS1A02G442500,PF17862,AAA_lid_3
0,,,,,TraesCS2D02G347800,PF03348,Serinc
0,,,,,TraesCS5A02G187200,PF04588,HIG_1_N
0,,,,,TraesCS7D02G288000,PF11559,ADIP
0,,,,,TraesCS2A02G423600,PF04078,Rcd1
0,,,,,TraesCS7D02G334900,PF00875,DNA_photolyase
0,,,,,TraesCS1D02G178500,PF00557,Peptidase_M24
1,,,,,TraesCS1D02G178500,PF15801,zf-C6H2
0,,,,,TraesCS3B02G472800,PF02365,NAM
0,,,,,TraesCS1B02G130900,PF00240,ubiquitin
1,,,,,TraesCS1B02G130900,PF01599,Ribosomal_S27
0,,,,,TraesCS1D02G285300,PF00410,Ribosomal_S8
0,,,,,TraesCS6A02G360700,PF00155,Aminotran_1_2
0,,,,,TraesCS7D02G226900,PF06110,TXD17-like_Trx
0,,,,,TraesCS5D02G384100,PF02779,Transket_pyr
1,,,,,TraesCS5D02G384100,PF02780,Transketolase_C
0,,,,,TraesCS7A02G194600,PF00226,DnaJ
0,,,,,TraesCS3B02G610800,PF00125,Histone
1,,,,,TraesCS3B02G610800,PF16211,Histone_H2A_C
0,,,,,TraesCS3D02G077200,PF00378,ECH_1
1,,,,,TraesCS3D02G077200,PF00725,3HCDH
2,,,,,TraesCS3D02G077200,PF02737,3HCDH_N
0,,,,,TraesCS3A02G046100,PF00228,Bowman-Birk_leg
1,,,,,TraesCS3A02G046100,PF00228,Bowman-Birk_leg
2,,,,,TraesCS3A02G046100,PF00228,Bowman-Birk_leg
0,,,,,TraesCS7B02G308200,PF16987,KIX_2
0,,,,,TraesCS3A02G439700,PF13639,zf-RING_2
0,,,,,TraesCS2A02G530900,PF13632,Glyco_trans_2_3
0,,,,,TraesCS1D02G452600,PF06203,CCT
0,,,,,TraesCS3B02G412300,PF00076,RRM_1
1,,,,,TraesCS3B02G412300,PF11835,RRM_8
2,,,,,TraesCS3B02G412300,PF13893,RRM_5
3,,,,,TraesCS3B02G412300,PF13893,RRM_5
0,,,,,TraesCS5D02G567300,PF00400,WD40
1,,,,,TraesCS5D02G567300,PF00400,WD40
2,,,,,TraesCS5D02G567300,PF00400,WD40
0,,,,,TraesCS6B02G090300,PF06487,SAP18
0,,,,,TraesCS7D02G159300,PF00125,Histone
0,,,,,TraesCS4A02G473400,PF04889,Cwf_Cwc_15
0,,,,,TraesCS1B02G235100,PF00847,AP2
0,,,,,TraesCS2B02G217400,PF03106,WRKY
1,,,,,TraesCS2B02G217400,PF03106,WRKY
0,,,,,TraesCS5D02G561800,PF04043,PMEI
0,,,,,TraesCS4A02G020400,PF00149,Metallophos
0,,,,,TraesCS7A02G442900,PF00125,Histone
0,,,,,TraesCS2A02G236600,PF00071,Ras
0,,,,,TraesCS3A02G002300,PF03248,Rer1
0,,,,,TraesCS2D02G112800,PF14541,TAXi_C
1,,,,,TraesCS2D02G112800,PF14543,TAXi_N
0,,,,,TraesCS2D02G399600,PF04061,ORMDL
0,,,,,TraesCS3A02G213800,PF00226,DnaJ
1,,,,,TraesCS3A02G213800,PF11926,DUF3444
2,,,,,TraesCS3A02G213800,PF11926,DUF3444
0,,,,,TraesCS7B02G076300,PF00079,Serpin
0,,,,,TraesCS2D02G115700,PF00403,HMA
0,,,,,TraesCS3D02G181600,PF01423,LSM
0,,,,,TraesCS7A02G322200,PF00107,ADH_zinc_N
1,,,,,TraesCS7A02G322200,PF08240,ADH_N
0,,,,,TraesCS5D02G553000,PF00251,Glyco_hydro_32N
1,,,,,TraesCS5D02G553000,PF08244,Glyco_hydro_32C
0,,,,,TraesCS4A02G278900,PF00190,Cupin_1
0,,,,,TraesCS6B02G451300,PF02365,NAM
0,,,,,TraesCS3B02G343100,PF09742,Dymeclin
0,,,,,TraesCS7B02G119800,PF00454,PI3_PI4_kinase
0,,,,,TraesCS7D02G437000,PF00168,C2
1,,,,,TraesCS7D02G437000,PF00168,C2
2,,,,,TraesCS7D02G437000,PF17047,SMP_LBD
0,,,,,TraesCS1A02G161900,PF02966,DIM1
0,,,,,TraesCS4A02G183100,PF03911,Sec61_beta
0,,,,,TraesCS4A02G166200,PF01602,Adaptin_N
1,,,,,TraesCS4A02G166200,PF02883,Alpha_adaptinC2
2,,,,,TraesCS4A02G166200,PF09066,B2-adapt-app_C
0,,,,,TraesCS4B02G353800,PF08449,UAA
0,,,,,TraesCS3A02G175200,PF00561,Abhydrolase_1
0,,,,,TraesCS7B02G034200,PF04758,Ribosomal_S30
0,,,,,TraesCS2B02G270200,PF01423,LSM
0,,,,,TraesCS7A02G473000,PF06888,Put_Phosphatase
0,,,,,TraesCS3B02G608200,PF19036,Fuz_longin_1
1,,,,,TraesCS3B02G608200,PF19037,Fuz_longin_2
2,,,,,TraesCS3B02G608200,PF19038,Fuz_longin_3
0,,,,,TraesCS2A02G087000,PF19326,AMP_deaminase
0,,,,,TraesCS4B02G185300,PF00501,AMP-binding
0,,,,,TraesCS1A02G150600,PF00076,RRM_1
1,,,,,TraesCS1A02G150600,PF00076,RRM_1
0,,,,,TraesCS5A02G025400,PF13520,AA_permease_2
1,,,,,TraesCS5A02G025400,PF13906,AA_permease_C
0,,,,,TraesCS3B02G365400,PF08263,LRRNT_2
1,,,,,TraesCS3B02G365400,PF23598,LRR_14
0,,,,,TraesCS6D02G154600,PF00305,Lipoxygenase
1,,,,,TraesCS6D02G154600,PF01477,PLAT
0,,,,,TraesCS2A02G223600,PF00231,ATP-synt
0,,,,,TraesCS2D02G316700,PF00125,Histone
0,,,,,TraesCS2B02G562200,PF12609,DUF3774
0,,,,,TraesCS6A02G199800,PF00096,zf-C2H2
1,,,,,TraesCS6A02G199800,PF00096,zf-C2H2
2,,,,,TraesCS6A02G199800,PF00096,zf-C2H2
3,,,,,TraesCS6A02G199800,PF00096,zf-C2H2
0,,,,,TraesCS5D02G081900,PF00004,AAA
1,,,,,TraesCS5D02G081900,PF00004,AAA
2,,,,,TraesCS5D02G081900,PF17862,AAA_lid_3
3,,,,,TraesCS5D02G081900,PF17862,AAA_lid_3
0,,,,,TraesCS1D02G063900,PF14368,LTP_2
0,,,,,TraesCS5A02G151700,PF01187,MIF
0,,,,,TraesCS6D02G040400,PF00125,Histone
1,,,,,TraesCS6D02G040400,PF16211,Histone_H2A_C
0,,,,,TraesCS1D02G427400,PF00483,NTP_transferase
0,,,,,TraesCS3B02G206000,PF03478,Beta-prop_KIB1-4
0,,,,,TraesCS2D02G327800,PF02704,GASA
0,,,,,TraesCS6D02G165400,PF03637,Mob1_phocein
0,,,,,TraesCS2D02G111300,PF03870,RNA_pol_Rpb8
0,,,,,TraesCS7A02G569100,PF02365,NAM
0,,,,,TraesCS1D02G269000,PF00561,Abhydrolase_1
0,,,,,TraesCS5D02G473800,PF00321,Thionin
0,,,,,TraesCS1B02G432200,PF05091,eIF-3_zeta
0,,,,,TraesCS7A02G353500,PF00155,Aminotran_1_2
0,,,,,TraesCS2A02G082100,PF00141,peroxidase
0,,,,,TraesCS2A02G206200,PF00504,Chloroa_b-bind
0,,,,,TraesCS7D02G111300,PF07896,DUF1674
0,,,,,TraesCS7B02G114100,PF14159,CAAD
0,,,,,TraesCS5D02G396400,PF04146,YTH
0,,,,,TraesCS6D02G266800,PF03874,RNA_pol_Rpb4
0,,,,,TraesCS2A02G416300,PF15511,CENP-T_C
0,,,,,TraesCS4B02G166800,PF17135,Ribosomal_L18
0,,,,,TraesCS2D02G319800,PF01477,PLAT
0,,,,,TraesCS6A02G339600,PF00445,Ribonuclease_T2
0,,,,,TraesCS7A02G268500,PF13639,zf-RING_2
0,,,,,TraesCS7D02G170400,PF01105,EMP24_GP25L
0,,,,,TraesCS6B02G344000,PF00582,Usp
0,,,,,TraesCS3A02G093900,PF00280,potato_inhibit
0,,,,,TraesCS5A02G106200,PF00012,HSP70
0,,,,,TraesCS6D02G111400,PF07992,Pyr_redox_2
0,,,,,TraesCS4B02G215200,PF10961,SelK_SelG
0,,,,,TraesCS6D02G046400,PF00125,Histone
0,,,,,TraesCS7B02G044100,PF00085,Thioredoxin
0,,,,,TraesCS2B02G122900,PF16499,Melibiase_2
1,,,,,TraesCS2B02G122900,PF17801,Melibiase_C
0,,,,,TraesCS3B02G204200,PF00400,WD40
1,,,,,TraesCS3B02G204200,PF00400,WD40
2,,,,,TraesCS3B02G204200,PF00400,WD40
3,,,,,TraesCS3B02G204200,PF17814,LisH_TPL
4,,,,,TraesCS3B02G204200,PF21359,zf_topless
5,,,,,TraesCS3B02G204200,PF21889,TPR1-like_2nd
0,,,,,TraesCS3D02G377500,PF16845,SQAPI
0,,,,,TraesCS5D02G313900,PF00561,Abhydrolase_1
0,,,,,TraesCS1A02G112400,PF00085,Thioredoxin
0,,,,,TraesCS1B02G033100,PF06331,Tfb5
0,,,,,TraesCS7D02G282700,PF04136,COG3_N
1,,,,,TraesCS7D02G282700,PF20671,COG3_C
0,,,,,TraesCS4A02G215300,PF01490,Aa_trans
0,,,,,TraesCS1A02G340400,PF02516,STT3
1,,,,,TraesCS1A02G340400,PF21436,STT3-PglB_core
0,,,,,TraesCS2B02G322400,PF00141,peroxidase
0,,,,,TraesCS4A02G330400,PF00009,GTP_EFTU
1,,,,,TraesCS4A02G330400,PF03143,GTP_EFTU_D3
2,,,,,TraesCS4A02G330400,PF03144,GTP_EFTU_D2
0,,,,,TraesCS7D02G227500,PF03760,LEA_1
0,,,,,TraesCS5B02G335700,PF00515,TPR_1
1,,,,,TraesCS5B02G335700,PF00515,TPR_1
0,,,,,TraesCS7A02G284000,PF00025,Arf
0,,,,,TraesCS5D02G311000,PF00168,C2
1,,,,,TraesCS5D02G311000,PF02893,GRAM
2,,,,,TraesCS5D02G311000,PF16016,VASt
0,,,,,TraesCS4A02G116000,PF00155,Aminotran_1_2
0,,,,,TraesCS6A02G226100,PF00569,ZZ
1,,,,,TraesCS6A02G226100,PF13445,zf-RING_UBOX
2,,,,,TraesCS6A02G226100,PF13920,zf-C3HC4_3
0,,,,,TraesCS1A02G126800,PF10604,Polyketide_cyc2
0,,,,,TraesCS5D02G513300,PF03110,SBP
0,,,,,TraesCS1A02G203000,PF00240,ubiquitin
1,,,,,TraesCS1A02G203000,PF00627,UBA
2,,,,,TraesCS1A02G203000,PF23195,UBQLN1
3,,,,,TraesCS1A02G203000,PF23195,UBQLN1
0,,,,,TraesCS4B02G032200,PF04398,DUF538
0,,,,,TraesCS5D02G259700,PF02701,Zn_ribbon_Dof
0,,,,,TraesCS2D02G387900,PF09412,XendoU
0,,,,,TraesCS1A02G190700,PF23121,SPOC_AIPP2
0,,,,,TraesCS2D02G533100,PF12609,DUF3774
0,,,,,TraesCS3D02G065400,PF20241,DUF6598
0,,,,,TraesCS4D02G098400,PF00085,Thioredoxin
1,,,,,TraesCS4D02G098400,PF00085,Thioredoxin
2,,,,,TraesCS4D02G098400,PF13848,Thioredoxin_6
0,,,,,TraesCS6D02G225800,PF00694,Aconitase_C
0,,,,,TraesCS2A02G388900,PF00171,Aldedh
0,,,,,TraesCS3A02G266900,PF03188,Cytochrom_B561
0,,,,,TraesCS2A02G320500,PF00789,UBX
0,,,,,TraesCS3D02G433400,PF03016,Exostosin_GT47
0,,,,,TraesCS3A02G417200,PF00171,Aldedh
0,,,,,TraesCS4A02G176100,PF01694,Rhomboid
0,,,,,TraesCS3D02G195000,PF17177,PPR_long
1,,,,,TraesCS3D02G195000,PF17177,PPR_long
0,,,,,TraesCS3B02G135500,PF13837,Myb_DNA-bind_4
0,,,,,TraesCS4B02G373400,PF00400,WD40
1,,,,,TraesCS4B02G373400,PF00400,WD40
2,,,,,TraesCS4B02G373400,PF00400,WD40
3,,,,,TraesCS4B02G373400,PF00400,WD40
4,,,,,TraesCS4B02G373400,PF00400,WD40
5,,,,,TraesCS4B02G373400,PF00400,WD40
6,,,,,TraesCS4B02G373400,PF04053,B-prop_COPA_B_2nd
7,,,,,TraesCS4B02G373400,PF06957,COPI_C
8,,,,,TraesCS4B02G373400,PF23953,TPR_COPA_B
0,,,,,TraesCS1D02G104400,PF00149,Metallophos
1,,,,,TraesCS1D02G104400,PF16891,STPPase_N
0,,,,,TraesCS4A02G032100,PF00266,Aminotran_5
0,,,,,TraesCS6B02G365000,PF00587,tRNA-synt_2b
1,,,,,TraesCS6B02G365000,PF02403,Seryl_tRNA_N
0,,,,,TraesCS4B02G319900,PF00069,Pkinase
1,,,,,TraesCS4B02G319900,PF03822,NAF
0,,,,,TraesCS7A02G548500,PF13894,zf-C2H2_4
1,,,,,TraesCS7A02G548500,PF13912,zf-C2H2_6
0,,,,,TraesCS7D02G386900,PF14498,Glyco_hyd_65N_2
1,,,,,TraesCS7D02G386900,PF21307,Glyco_hydro_95_C
2,,,,,TraesCS7D02G386900,PF22124,Glyco_hydro_95_cat
0,,,,,TraesCS4D02G299000,PF01593,Amino_oxidase
0,,,,,TraesCS7A02G343400,PF00889,EF_TS
0,,,,,TraesCS4B02G351900,PF02364,Glucan_synthase
1,,,,,TraesCS4B02G351900,PF14288,FKS1_dom1
0,,,,,TraesCS7B02G168000,PF00789,UBX
1,,,,,TraesCS7B02G168000,PF14555,UBA_4
0,,,,,TraesCS5A02G473700,PF00164,Ribosom_S12_S23
0,,,,,TraesCS5A02G090900,PF24068,TPD1_C
0,,,,,TraesCS2D02G449100,PF14368,LTP_2
0,,,,,TraesCS3D02G261300,PF00149,Metallophos
0,,,,,TraesCS7B02G159700,PF01248,Ribosomal_L7Ae
0,,,,,TraesCS7D02G417600,PF00481,PP2C
0,,,,,TraesCS2D02G598700,PF00304,Gamma-thionin
0,,,,,TraesCS3B02G211300,PF05700,BCAS2
0,,,,,TraesCS5D02G109200,PF01487,DHquinase_I
1,,,,,TraesCS5D02G109200,PF01488,Shikimate_DH
2,,,,,TraesCS5D02G109200,PF08501,Shikimate_dh_N
3,,,,,TraesCS5D02G109200,PF18317,SDH_C
0,,,,,TraesCS4D02G047500,PF00291,PALP
1,,,,,TraesCS4D02G047500,PF00585,Thr_dehydrat_C
2,,,,,TraesCS4D02G047500,PF00585,Thr_dehydrat_C
0,,,,,TraesCS4B02G213400,PF00076,RRM_1
0,,,,,TraesCS7A02G280600,PF04258,Peptidase_A22B
0,,,,,TraesCS4A02G428600,PF08045,CDC14
0,,,,,TraesCS2A02G520400,PF01813,ATP-synt_D
0,,,,,TraesCS7D02G418600,PF00722,Glyco_hydro_16
1,,,,,TraesCS7D02G418600,PF00722,Glyco_hydro_16
2,,,,,TraesCS7D02G418600,PF06955,XET_C
0,,,,,TraesCS5D02G399200,PF00069,Pkinase
0,,,,,TraesCS3A02G499900,PF01399,PCI
1,,,,,TraesCS3A02G499900,PF18005,eIF3m_C_helix
0,,,,,TraesCS7B02G100200,PF00226,DnaJ
0,,,,,TraesCS7A02G263900,PF10275,Peptidase_C65
0,,,,,TraesCS4D02G263300,PF00338,Ribosomal_S10
0,,,,,TraesCS4A02G098600,PF00012,HSP70
0,,,,,TraesCS3B02G601800,PF01439,Metallothio_2
0,,,,,TraesCS3B02G221400,PF01602,Adaptin_N
1,,,,,TraesCS3B02G221400,PF07718,Coatamer_beta_C
2,,,,,TraesCS3B02G221400,PF14806,Coatomer_b_Cpla
0,,,,,TraesCS4B02G119500,PF03489,SapB_2
1,,,,,TraesCS4B02G119500,PF03489,SapB_2
2,,,,,TraesCS4B02G119500,PF05184,SapB_1
3,,,,,TraesCS4B02G119500,PF05184,SapB_1
0,,,,,TraesCS4A02G180800,PF00899,ThiF
1,,,,,TraesCS4A02G180800,PF00899,ThiF
2,,,,,TraesCS4A02G180800,PF09358,E1_UFD
3,,,,,TraesCS4A02G180800,PF10585,UBA_E1_SCCH
4,,,,,TraesCS4A02G180800,PF16190,E1_FCCH
5,,,,,TraesCS4A02G180800,PF16191,E1_4HB
0,,,,,TraesCS7A02G361200,PF05553,DUF761
1,,,,,TraesCS7A02G361200,PF14364,DUF4408
0,,,,,TraesCS2B02G174400,PF00578,AhpC-TSA
1,,,,,TraesCS2B02G174400,PF10417,1-cysPrx_C
0,,,,,TraesCS7A02G056300,PF05648,PEX11
0,,,,,TraesCS6D02G041600,PF02779,Transket_pyr
1,,,,,TraesCS6D02G041600,PF02780,Transketolase_C
0,,,,,TraesCS1D02G306700,PF05178,Kri1
1,,,,,TraesCS1D02G306700,PF12936,Kri1_C
0,,,,,TraesCS2D02G244400,PF00085,Thioredoxin
0,,,,,TraesCS6B02G279700,PF05620,TMEM208_SND2
0,,,,,TraesCS1B02G298300,PF03029,ATP_bind_1
0,,,,,TraesCS1D02G047600,PF23659,UFL1
0,,,,,TraesCS6B02G111400,PF04939,RRS1
0,,,,,TraesCS2D02G169700,PF00076,RRM_1
0,,,,,TraesCS1D02G385200,PF00085,Thioredoxin
1,,,,,TraesCS1D02G385200,PF04777,Evr1_Alr
0,,,,,TraesCS4A02G099200,PF04321,RmlD_sub_bind
1,,,,,TraesCS4A02G099200,PF16363,GDP_Man_Dehyd
0,,,,,TraesCS2B02G342300,PF04603,Mog1
0,,,,,TraesCS2B02G298000,PF03405,FA_desaturase_2
0,,,,,TraesCS2A02G269400,PF04535,CASP_dom
0,,,,,TraesCS3D02G292300,PF21473,Ssb-like_OB
0,,,,,TraesCS5B02G322000,PF00004,AAA
1,,,,,TraesCS5B02G322000,PF02190,LON_substr_bdg
2,,,,,TraesCS5B02G322000,PF05362,Lon_C
3,,,,,TraesCS5B02G322000,PF22667,Lon_lid
0,,,,,TraesCS6B02G338000,PF00071,Ras
0,,,,,TraesCS4D02G251200,PF13445,zf-RING_UBOX
0,,,,,TraesCS3A02G142800,PF01965,DJ-1_PfpI
1,,,,,TraesCS3A02G142800,PF01965,DJ-1_PfpI
0,,,,,TraesCS5A02G498100,PF00240,ubiquitin
1,,,,,TraesCS5A02G498100,PF00627,UBA
2,,,,,TraesCS5A02G498100,PF23195,UBQLN1
3,,,,,TraesCS5A02G498100,PF23195,UBQLN1
0,,,,,TraesCS2D02G286200,PF00076,RRM_1
1,,,,,TraesCS2D02G286200,PF00076,RRM_1
2,,,,,TraesCS2D02G286200,PF04059,RRM_2
0,,,,,TraesCS2D02G315400,PF00076,RRM_1
1,,,,,TraesCS2D02G315400,PF00076,RRM_1
2,,,,,TraesCS2D02G315400,PF00076,RRM_1
0,,,,,TraesCS5D02G084800,PF05542,DUF760
1,,,,,TraesCS5D02G084800,PF05542,DUF760
0,,,,,TraesCS5B02G105400,PF00625,Guanylate_kin
0,,,,,TraesCS4A02G092900,PF00011,HSP20
0,,,,,TraesCS7D02G066800,PF00338,Ribosomal_S10
0,,,,,TraesCS7D02G128300,PF00069,Pkinase
0,,,,,TraesCS1D02G284000,PF00012,HSP70
0,,,,,TraesCS2B02G295300,PF08240,ADH_N
1,,,,,TraesCS2B02G295300,PF13602,ADH_zinc_N_2
0,,,,,TraesCS2A02G426900,PF01218,Coprogen_oxidas
0,,,,,TraesCS3B02G502100,PF07762,DUF1618
0,,,,,TraesCS6B02G169700,PF00903,Glyoxalase
0,,,,,TraesCS2B02G195100,PF01096,Zn_ribbon_TFIIS
1,,,,,TraesCS2B02G195100,PF02150,Zn_ribbon_RPB9
0,,,,,TraesCS1A02G220200,PF03987,Autophagy_act_C
0,,,,,TraesCS5B02G232900,PF00085,Thioredoxin
1,,,,,TraesCS5B02G232900,PF00085,Thioredoxin
2,,,,,TraesCS5B02G232900,PF24541,Thioredox_PDIA6_C
0,,,,,TraesCS6B02G143600,PF10357,Kin17_mid
1,,,,,TraesCS6B02G143600,PF18131,KN17_SH3
0,,,,,TraesCS1D02G346100,PF00675,Peptidase_M16
1,,,,,TraesCS1D02G346100,PF05193,Peptidase_M16_C
0,,,,,TraesCS6B02G164900,PF00240,ubiquitin
1,,,,,TraesCS6B02G164900,PF00240,ubiquitin
0,,,,,TraesCS1A02G180100,PF07086,Jagunal
0,,,,,TraesCS3D02G242400,PF00294,PfkB
0,,,,,TraesCS6A02G339400,PF00082,Peptidase_S8
1,,,,,TraesCS6A02G339400,PF02225,PA
2,,,,,TraesCS6A02G339400,PF05922,Inhibitor_I9
3,,,,,TraesCS6A02G339400,PF17766,fn3_6
0,,,,,TraesCS6D02G185500,PF07887,Calmodulin_bind
1,,,,,TraesCS6D02G185500,PF20451,Calmod_bind_M
2,,,,,TraesCS6D02G185500,PF20452,Calmod_bind_C
0,,,,,TraesCS3B02G025200,PF00274,Glycolytic
0,,,,,TraesCS1D02G322400,PF00326,Peptidase_S9
1,,,,,TraesCS1D02G322400,PF07676,PD40
2,,,,,TraesCS1D02G322400,PF19283,APEH_N
0,,,,,TraesCS4D02G205200,PF00076,RRM_1
0,,,,,TraesCS5B02G278700,PF01655,Ribosomal_L32e
0,,,,,TraesCS3A02G414400,PF07002,Copine
0,,,,,TraesCS7B02G200200,PF00415,RCC1
1,,,,,TraesCS7B02G200200,PF00415,RCC1
2,,,,,TraesCS7B02G200200,PF00415,RCC1
3,,,,,TraesCS7B02G200200,PF00415,RCC1
4,,,,,TraesCS7B02G200200,PF00415,RCC1
0,,,,,TraesCS2B02G560900,PF12609,DUF3774
0,,,,,TraesCS7D02G403300,PF00160,Pro_isomerase
0,,,,,TraesCS2D02G262400,PF00155,Aminotran_1_2
0,,,,,TraesCS1B02G200200,PF00557,Peptidase_M24
1,,,,,TraesCS1B02G200200,PF15801,zf-C6H2
0,,,,,TraesCS5D02G540800,PF01370,Epimerase
0,,,,,TraesCS2A02G032600,PF00641,Zn_ribbon_RanBP
1,,,,,TraesCS2A02G032600,PF00641,Zn_ribbon_RanBP
2,,,,,TraesCS2A02G032600,PF00641,Zn_ribbon_RanBP
0,,,,,TraesCS4D02G360100,PF14547,Hydrophob_seed
0,,,,,TraesCS2D02G439300,PF08186,Wound_ind
0,,,,,TraesCS6A02G224600,PF01929,Ribosomal_L14e
0,,,,,TraesCS7D02G147000,PF00832,Ribosomal_L39
0,,,,,TraesCS5A02G046500,PF00304,Gamma-thionin
0,,,,,TraesCS3A02G161200,PF00226,DnaJ
1,,,,,TraesCS3A02G161200,PF01556,DnaJ_C
0,,,,,TraesCS3B02G306300,PF06884,DUF1264
0,,,,,TraesCS3B02G164300,PF00657,Lipase_GDSL
0,,,,,TraesCS1A02G199500,PF00179,UQ_con
0,,,,,TraesCS3A02G097000,PF12274,DUF3615
0,,,,,TraesCS4B02G133400,PF00240,ubiquitin
0,,,,,TraesCS3D02G445400,PF00043,GST_C
1,,,,,TraesCS3D02G445400,PF02798,GST_N
0,,,,,TraesCS3D02G263400,PF03398,Ist1
0,,,,,TraesCS2A02G163000,PF00612,IQ
1,,,,,TraesCS2A02G163000,PF00612,IQ
2,,,,,TraesCS2A02G163000,PF01833,TIG
3,,,,,TraesCS2A02G163000,PF03859,CG-1
4,,,,,TraesCS2A02G163000,PF12796,Ank_2
0,,,,,TraesCS7B02G218400,PF03478,Beta-prop_KIB1-4
0,,,,,TraesCS6B02G108100,PF00330,Aconitase
1,,,,,TraesCS6B02G108100,PF00330,Aconitase
0,,,,,TraesCS7D02G287100,PF10250,O-FucT
0,,,,,TraesCS2A02G344900,PF00956,NAP
0,,,,,TraesCS3B02G559400,PF00702,Hydrolase
0,,,,,TraesCS6A02G138500,PF02338,OTU
1,,,,,TraesCS6A02G138500,PF24560,zf-C2H2_OTU1_C
0,,,,,TraesCS1A02G291600,PF15511,CENP-T_C
0,,,,,TraesCS6D02G141900,PF01423,LSM
0,,,,,TraesCS3D02G208700,PF00013,KH_1
1,,,,,TraesCS3D02G208700,PF01612,DNA_pol_A_exo1
0,,,,,TraesCS2A02G334600,PF04371,PAD_porph
0,,,,,TraesCS4B02G233700,PF01602,Adaptin_N
1,,,,,TraesCS4B02G233700,PF08752,COP-gamma_platf
2,,,,,TraesCS4B02G233700,PF16381,Coatomer_g_Cpla
0,,,,,TraesCS6A02G046800,PF03637,Mob1_phocein
0,,,,,TraesCS1B02G452800,PF00450,Peptidase_S10
0,,,,,TraesCS6B02G222900,PF12899,Glyco_hydro_100
0,,,,,TraesCS5D02G258900,PF00183,HSP90
1,,,,,TraesCS5D02G258900,PF13589,HATPase_c_3
